logtime,food
2023-04-24 18:19:00,6pm decaf cappuccino
2023-04-24 18:19:00,6:20 nuts and raisins
2023-04-24 18:29:00,6:30 carrot and nutzo
2023-04-24 18:40:00,6:40 seeds and 1 large date
2023-04-24 18:42:00,6:42 fasting starts
2023-04-25 09:07:00,"8:30 am bread, tea and olive oil"
2023-04-25 09:44:00,9:45 coffee 2% milk
2023-04-25 09:44:00,Capuchin
2023-04-25 10:18:00,"10:20 small bowl rice, dal and half roti"
2023-04-25 10:25:00,Chana jhor for crutch
2023-04-25 12:38:00,"1 pm sugar cookie, pasta and chole cooked"
2023-04-25 12:44:00,Cheese and crackers
2023-04-25 13:22:00,Tiramasu 1 cup
2023-04-25 16:43:00,4:45 avocado toast
2023-04-25 17:00:00,5 pm overnight oats and before and nuts
2023-04-26 11:32:00,8:30 am tea bread slice
2023-04-26 11:32:00,11:20 1.5 utappam and peanut chutney
2023-04-26 12:57:00,1 pm very small bowl dal makhni and rice
2023-04-26 13:33:00,1:30 pm dal. Makhni roti rice papad
2023-04-27 09:06:00,"9 am chai, bread toast, oil dip, 2 rusks and Marie biscuit"
2023-04-27 09:11:00,9:10 walnuts and raisins handful
2023-04-27 11:44:00,"11:35 am, capuchino and 3 cookies"
2023-04-27 12:59:00,"1 pm rice, dak makhni roti"
2023-04-27 13:27:00,1:30 pm tiramisu
2023-04-27 13:38:00,And walnuts
2023-04-27 17:27:00,5:25 pm grapes cheese and bread and avocado
2023-04-28 08:46:00,"8:15 am chai, 2 toasts and Marie biscuit 4 idlis, peanut chutney, zoug"
2023-04-28 10:20:00,10:20 2 spoons oats and wafer biscuits two small
2023-04-28 10:58:00,10:30 cappuccino
2023-04-28 12:24:00,"12:15 1 idli chutney, 1 small bowl of left over rasam kichdi"
2023-04-28 13:37:00,1:15 stir fry vegetables and rice
2023-04-28 13:37:00,1:35 grapes bowl
2023-04-28 13:40:00,"1:35 tiramisu 4/28/23, 2:15‚ÄØPM - You changed the group name from ""To Self"" to ""Food log"""
2023-04-28 16:38:00,4:30 two sourdough avocado bread slices grapes cheese
2023-04-28 16:51:00,4:50 small tiramisu and walnuts
2023-04-28 16:52:00,Raisins
2023-04-28 16:57:00,Mixed nuts and raisins 4:55
2023-04-29 09:06:00,9:05 pm chai 3 toasts
2023-04-29 10:32:00,"10:20 1 uttappam, chutney and 2 tbsp oats"
2023-04-29 11:16:00,11am cappuccino
2023-04-29 14:14:00,"1:50 Rice,  dal (gangavalli), grapes and curd"
2023-04-29 14:36:00,Sweet saunf 2:35
2023-04-29 14:44:00,Done at 2:44
2023-04-29 16:35:00,"Feel: Feeling really low energy for the past 2 hours or so, sugar has been unusually high"
2023-04-30 08:43:00,"8:35 am chai avocado toast, 2 tea toasts"
2023-04-30 09:16:00,IMG-20230430-WA0008.jpg (file attached)
2023-04-30 10:54:00,"10:30 am sangak ,aloo palak Stir fried vegetables and tofu, rice Curd rice and 2 aloo papad"
2023-04-30 12:33:00,11 am cappuccino
2023-04-30 14:34:00,2:20 pm Chipotle veg bowl 3/4th bowl and tortillas
2023-04-30 15:21:00,3:20 chili lime mango samples trade joes
2023-04-30 15:22:00,Apple slices
2023-04-30 15:56:00,3:53 pm sweet plantain chips trader Joe's (plantains and palm olien) 20ish chips 200+ calories
2023-04-30 17:30:00,"5:15 pm avocado toast 2 pcs sourdough, nutzo, picked cucumbers 3, cheese slices"
2023-04-30 17:30:00,Spinach
2023-04-30 17:37:00,"5:30pm rice 1 cup  and podi, 1/2 chakkilam Blueberries"
2023-04-30 17:39:00,5:39 done
2023-05-01 11:00:00,9:40 am Chai 10:50 am cappuccino
2023-05-01 11:21:00,11:20 nuts and raisins
2023-05-01 11:37:00,Apple grapes
2023-05-01 13:00:00,"12:40 pm lunch,  rice dal palak, kadi, papads, tiramisu, grapes"
2023-05-01 17:24:00,"4:20 pm cappuccino, almond walnuts raisins"
2023-05-01 17:24:00,5pm done
2023-05-02 07:24:00,7 am Chai Avocado toast cheese 3 idlis peanut chutney
2023-05-02 08:07:00,8:07 am orange small
2023-05-02 09:41:00,9:40 am cappuccino
2023-05-02 11:52:00,"11:30 3 idlis Peanut chutney Small rice,  2 cucumbers Walnuts, almond, raisins and 3 slices of cheese"
2023-05-02 11:52:00,Blueberries
2023-05-02 15:45:00,3:20 pm rice dal 4 chakkilalu
2023-05-02 15:46:00,Some raisins and almonds Not very hungry but stuffed myself
2023-05-03 09:00:00,8:55 am tea 3 rusks
2023-05-03 11:00:00,11 am pea protein shake 1.5 scoops after 16 min rowing
2023-05-03 11:18:00,11:15 cappuccino
2023-05-03 13:28:00,1:25 pm plum and orange
2023-05-03 13:55:00,"1:55  rice dal gangavalli, okra curry, papads aloo"
2023-05-03 13:55:00,You deleted this message
2023-05-03 14:19:00,"Curd rice, chana johr flakes Blueberries, walnuts"
2023-05-03 15:22:00,3:22 plum
2023-05-03 15:35:00,"Apple, walnuts and raisins"
2023-05-03 15:35:00,Done at 3:35
2023-05-04 08:51:00,8:51 Chai 3 toasts
2023-05-04 09:08:00,9:05 1 uttappam
2023-05-04 11:29:00,11:30 makhaana small bowl
2023-05-04 11:40:00,2 scoops walnuts and raisins 1 cheese slice
2023-05-04 11:40:00,3/4 utappam
2023-05-04 11:40:00,1 Cappuccino
2023-05-04 11:43:00,Done
2023-05-04 12:52:00,"12:52 done Lunch, rice,  pappu kaya, curd, chana jhor, sweet saunf"
2023-05-04 12:53:00,Stiffed myself a little bit
2023-05-04 12:55:00,12:55 done
2023-05-04 18:44:00,"6:12 rice, pappu kaya bowl, utappam, 2 small bowls of bujiya, chana jhor, curd rice, pickle, plantain chips"
2023-05-04 18:44:00,Mood: stressed out about job
2023-05-04 18:49:00,20 plantain chips
2023-05-04 18:49:00,Done
2023-05-05 11:00:00,"10:15 2 bowls cereals milk, almond 1 cup of overnight oats, maple syrup, 1 cup chai"
2023-05-05 11:00:00,Done at 10:50
2023-05-05 11:05:00,2 rusks with above chai
2023-05-05 13:29:00,"1:10 pm rice,  palak dal, vankaya aloo curry,  curd rice, cucumbers salad small,"
2023-05-05 13:30:00,"1:25pm two bowls of raisins and walnuts, almonds"
2023-05-05 14:31:00,2:30 pm sweet saunf
2023-05-05 17:16:00,4:55 avocado toast 2 cheese slices
2023-05-05 17:16:00,Chai Sweet plantain chips Crackers Blueberries
2023-05-05 17:16:00,Done
2023-05-05 18:46:00,Mood: feeling low
2023-05-06 09:54:00,"9:30 am avocado toast,  spinach, large avocado, sourdough bread, zoug, NO cheese 1 date, walnuts"
2023-05-06 09:55:00,"9:45 am chai, 2 cookies, 1 rusk"
2023-05-06 09:55:00,Done
2023-05-06 11:36:00,11:15 1 cup coconut water
2023-05-06 11:36:00,11:40 cappuccino
2023-05-06 12:25:00,"12:15 1.5 utappam, 1/ bread and vankaya aloo curry"
2023-05-06 13:00:00,12:30 plum
2023-05-06 15:04:00,https://www.levelshealth.com/blog/what-is-postprandial-blood-sugar-and-why-does-it-matter
2023-05-06 15:08:00,https://www.veri.co/learn/biphasic-curve-metabolic-health
2023-05-06 16:20:00,4:15 2 slices pizza
2023-05-06 18:04:00,"5:50pm chai (arpana, anish home) Pani puri aloo"
2023-05-06 18:04:00,6:04 done
2023-05-06 18:08:00,5:58 Samosa and chutney
2023-05-06 21:33:00,9:10 2 puris aloo curry Pickle rice aloo curry
2023-05-06 21:33:00,Done
2023-05-07 13:04:00,1 pm chole. Saag and rice (shira aunty)
2023-05-07 13:28:00,"1 Roti, kadi, 1/2 parantha, 1 puri, shira,"
2023-05-07 13:33:00,Done
2023-05-07 13:42:00,1:40 small bowl saag and rice
2023-05-07 15:12:00,3:12 sweet saunf
2023-05-07 15:36:00,Sweet saunf 6 fistfuls
2023-05-07 16:00:00,1 glass coconut water
2023-05-07 18:39:00,6:10 avocado toast 1.5 Aloo bujiya 1 small bowl 2 cucumbers 2 small bowls cereals and milk
2023-05-08 11:41:00,9:38 am chai 11:41 am cappuccino
2023-05-08 13:16:00,"12:40 rice, gangavallipappu, urad papad, curd, cucumber salad 1pm done"
2023-05-08 13:16:00,1:15 sweet saunf
2023-05-08 13:19:00,2 fists
2023-05-08 15:28:00,Andreas cgm companies  January.ai Levels Super satience
2023-05-08 15:29:00,Levelshealth
2023-05-08 15:29:00,Nutrisense
2023-05-08 16:43:00,4:20 pm Blueberry 2 cups Walnuts raisins Pumpkin seeds 2 cucumbers Carrot and nutzo
2023-05-09 08:43:00,"8:20 am chai Avocado toast, cucumber Cheese and crackers 2 fistfuls Walnuts and raisins 9:40 am done"
2023-05-09 11:26:00,11:26 am protein shake 2 scoops
2023-05-09 11:28:00,Done
2023-05-09 11:35:00,11:35 am cappuccino
2023-05-09 11:39:00,Done
2023-05-09 12:39:00,12:30 veg broth
2023-05-09 12:39:00,1 bowl
2023-05-09 13:17:00,1:17 stir fry rice
2023-05-09 13:34:00,1:30 done
2023-05-09 15:47:00,3:46pm chocolate orange
2023-05-09 16:04:00,"4 pm 3 chocolates, 4 fistfuls of walnuts almonds and raisins"
2023-05-09 18:13:00,5:55 pm 1 utappam and humus 1 large bowl curd rice and chana jhor 2 spoons of psyllium husk and water 6:10 done
2023-05-10 08:01:00,8am black coffee
2023-05-10 08:52:00,8:51 chai 1 rusk
2023-05-10 08:56:00,Done
2023-05-10 09:46:00,Poor sleep only 5 hours
2023-05-10 09:48:00,1/2 utappam hummus
2023-05-10 09:51:00,Done
2023-05-10 10:51:00,10:52 am black coffee and milk 1/4 cup
2023-05-10 10:51:00,For mendel interview
2023-05-10 12:52:00,"1:15 2.5 roti, pitla, and totakura curry, 2 cucumbers"
2023-05-10 12:52:00,1:30 done
2023-05-10 12:55:00,12:55 sweet saunf
2023-05-10 12:55:00,Correction: 12:15 Done at 12:30
2023-05-10 14:39:00,https://youtu.be/336fjAmY8JQ
2023-05-10 15:48:00,"3:45 pm costco samples nutzo bread 3 pcs, 1 tortilla chips and salsa"
2023-05-10 16:55:00,"4:35 pm 2 sourdough slices, cheese avocado 1 large Hummus Pickle 2 cucumbers 4 thin addictive wafers Walnuts"
2023-05-10 16:56:00,Done at 4:54
2023-05-10 16:57:00,Spinach and raspberries
2023-05-11 08:36:00,8:36 chai
2023-05-11 08:38:00,8:38 pumpkin seeds crisp bread
2023-05-11 08:39:00,IMG-20230511-WA0001.jpg (file attached)
2023-05-11 08:39:00,And cheese
2023-05-11 08:39:00,1/2 slice each
2023-05-11 09:26:00,IMG-20230511-WA0003.jpg (file attached)
2023-05-11 09:26:00,9:26 Avocado toast
2023-05-11 09:40:00,9:35pm done
2023-05-11 09:41:00,Am correction
2023-05-11 11:49:00,Babak treadmill test
2023-05-11 11:50:00,Aorta at 43mm Chances of bursting 2-3/1000 control BP Lose weight Keep glucose in check
2023-05-11 12:50:00,12:50 Tempe (soy fermented) 1 small block
2023-05-11 12:57:00,12:57 crackers and cheese and carrots
2023-05-11 12:58:00,Cappuccino
2023-05-11 13:01:00,Cinnamon cookie
2023-05-11 13:04:00,Done
2023-05-11 14:26:00,"2:25pm potato soup, tempe blocks, peas"
2023-05-11 14:56:00,"2 bowls of the above, with Walnuts and crackers"
2023-05-11 14:57:00,Gapes 6 and Walnuts
2023-05-12 08:37:00,8:35 chai
2023-05-12 10:14:00,10:13 Avocado toast
2023-05-12 10:23:00,"Cucumbers, cheese, Walnuts, Avocado, hummus"
2023-05-12 10:23:00,Done
2023-05-12 11:38:00,11:38 cappuccino
2023-05-12 11:47:00,Done
2023-05-12 12:57:00,"12:45 pm Lunch Small Rice,  spinach dal, carrot cucumber salad, curd, tempe 5 blocks small"
2023-05-12 12:57:00,12:55 done
2023-05-12 12:57:00,Are in limit #experiment
2023-05-12 17:16:00,"4:55 pm Avocado toast Nutzo, bread, pickled cucumbers, cheese, Walnuts  Grapes 1 bowl Cheese 3 thin addictives Walnuts"
2023-05-12 17:18:00,Almond slices
2023-05-12 17:18:00,Done
2023-05-12 19:27:00,"Feeling tired and low energy between 6:30ish and 7:30 Ate stomach full, grapes i guess did this"
2023-05-12 19:31:00,"Exercise may have had influence too, relatively inactive day"
2023-05-12 19:32:00,Thin addictive too?
2023-05-13 07:19:00,Espresso black
2023-05-13 09:21:00,Chai
2023-05-13 09:27:00,Done
2023-05-13 09:35:00,IMG-20230513-WA0004.jpg (file attached)
2023-05-13 09:35:00,Oat meal with berries and nuts
2023-05-13 09:35:00,Nutzo 9:35
2023-05-13 09:46:00,Done
2023-05-13 10:38:00,10:38 espresso
2023-05-13 10:38:00,Looks like oats is killer
2023-05-13 12:51:00,12:50 orange
2023-05-13 13:38:00,"1:10 rice,  palak dal, ghee 4 cucumbers Capsicum aloo curry Curd Butter milk Sweet saunf Done: 1:40"
2023-05-13 13:40:00,"1 papad urad, challa mirchi 5"
2023-05-13 14:34:00,"#mood Felt low energy, just sat at one place"
2023-05-13 14:35:00,Feeling a little better now
2023-05-13 15:11:00,#insight walk after eating rice and dal?
2023-05-13 16:06:00,Feeling tired again and sleepy
2023-05-13 17:06:00,"4:46 Avocado toast hummus, large Avocado, spinach, 2 pickle cucumbers Walnuts"
2023-05-13 17:07:00,5:06 done
2023-05-13 17:10:00,Walnuts 2 fistfuls
2023-05-13 17:10:00,Done
2023-05-13 17:12:00,1 bread and 1 pumpkin seeds crisp bread
2023-05-13 17:58:00,https://www.goodrx.com/well-being/diet-nutrition/tired-after-eating
2023-05-13 18:17:00,"# mood today has been pretty tired and fatigue since lunch, started feeling better around 4:45ish then had Avocado toast and feeling a little low again"
2023-05-14 09:11:00,9:11 chai after 16 hrs fasting
2023-05-14 10:22:00,"10:18 small bowl all of these:  rice, dal,  aloo capsicum curry 1 pumpkin crispy bread"
2023-05-14 10:43:00,10:43  cappuccino
2023-05-14 12:48:00,12:48 thai palm cake
2023-05-14 12:48:00,IMG-20230514-WA0002.jpg (file attached)
2023-05-14 12:51:00,IMG-20230514-WA0004.jpg (file attached)
2023-05-14 12:51:00,3 of these
2023-05-14 12:51:00,1 of this
2023-05-14 12:53:00,IMG-20230514-WA0006.jpg (file attached) Banana sweet rice thai
2023-05-14 13:00:00,1 full banana sweet rice 1 more Palm cake 2 khanom krok cakes
2023-05-14 13:03:00,1 more Palm cake ( total 3)
2023-05-14 13:03:00,You deleted this message
2023-05-14 13:09:00,3 jackfruit pieces Small bowl of sticky rice no mango
2023-05-14 13:12:00,Done
2023-05-14 13:19:00,1:19 boiled peanuts
2023-05-14 13:35:00,Papaya salad Done
2023-05-14 13:40:00,#insight killer food 211+ sugar
2023-05-14 17:23:00,"5:06 pani puri, ragda bhujiya"
2023-05-14 17:23:00,About 20 or so Done at 5:23
2023-05-15 08:34:00,8:34 chai
2023-05-15 09:20:00,9:20 apple
2023-05-15 10:33:00,10:33 cappuccino
2023-05-15 12:59:00,"12:50 brown rice,  palak dal and cucumber, carrot raw mango salad"
2023-05-15 13:19:00,Curd and a little chana jhor Done at 1:19
2023-05-15 13:43:00,#insight looks like rice And dal spikes no matter what
2023-05-15 13:56:00,1:56 sweet saunf
2023-05-15 14:10:00,2:09 sweet saunf
2023-05-15 16:09:00,"3:55 2 bowls of grapes, Walnuts, almond and pumpkin seeds"
2023-05-15 16:09:00,Done at 4:05
2023-05-16 08:29:00,8:29 chai
2023-05-16 08:32:00,2 digestive biscuits
2023-05-16 08:36:00,Done
2023-05-16 09:44:00,9:30 Avocado toast (amul cheese) and spinach Walnuts blueberries
2023-05-16 09:44:00,Done
2023-05-16 10:55:00,10:50 black coffee
2023-05-16 13:15:00,"1:15 pm brown rice, palak dal, cucumber salad,  buttermilk"
2023-05-16 13:31:00,1;27 done 1:30 sweet saunf Done
2023-05-16 14:58:00,2:58 sweet saunf
2023-05-16 15:04:00,3:04 multiple sweet saunf
2023-05-16 17:15:00,5:05 Avocado toast Rice and dal very small Half cinnamon cookie Pancake
2023-05-16 17:31:00,"Maple syrup Grapes bowl full, Walnuts and almond 1 thin addictive"
2023-05-16 17:33:00,Done at 5:32
2023-05-17 09:01:00,9:02 chai and bread toast
2023-05-17 09:11:00,"9:10 oat meal chia seeds, Walnuts coconut and raisins"
2023-05-17 09:12:00,Blueberries
2023-05-17 09:17:00,6 grapes Done
2023-05-17 11:04:00,Black coffee 10:30
2023-05-17 13:06:00,1:06 cocham dal
2023-05-17 13:21:00,1.5 roti Cucumber salad Capsicum aloo curry Curd Sweet saunf
2023-05-17 13:21:00,1:23 done
2023-05-17 13:28:00,1:28 more sweet saunfs
2023-05-17 16:14:00,"4:05 dal cocum, 1 roti, salad,  Walnuts, Graphs, chana jhor"
2023-05-17 16:17:00,Thin addictive 2
2023-05-17 16:19:00,Done
2023-05-18 08:16:00,"7 am black coffee 8:10am chai, 2 toasted beads,  hummus and doing oil 1 digestive biscuit"
2023-05-18 08:17:00,8:15 done
2023-05-18 11:36:00,11:36 lemon rice
2023-05-18 11:45:00,1 puri aloo curry
2023-05-18 11:45:00,11:45 done
2023-05-18 12:10:00,12:10 chole puri ricee
2023-05-18 12:24:00,"1.5 puri Rice, chole, curd, chana jhor  12:25 done"
2023-05-18 13:13:00,1:09 jack fruit slices 4
2023-05-18 13:13:00,1:14 sweet saunf Done
2023-05-18 13:25:00,More sweet saunfs 1:25 done
2023-05-18 14:12:00,2:05 jack fruits 3 slice
2023-05-18 14:12:00,2:10 done
2023-05-18 17:36:00,"5:35 Veggie burrito bowl, chips and salsa lax airport"
2023-05-18 18:04:00,Ate more chips 6:03 done.
2023-05-19 10:06:00,10:06 chai jaggery
2023-05-19 10:55:00,10:55 orange
2023-05-19 12:03:00,12:03 instant coffee milk
2023-05-19 12:03:00,# Vancouver
2023-05-19 12:12:00,12:10 mixed nuts
2023-05-19 13:54:00,"1:40 light meal rice, dal,  puri chole, okra bean curry,  aloo curry 1:52 done"
2023-05-19 15:46:00,3:40 instant coffee milk 3:45 done
2023-05-19 16:28:00,4:20 chai with very little jaggery 4:27 done
2023-05-19 16:57:00,4:56 1 small almond cluster cookie
2023-05-19 19:20:00,"7 pm mini samosa, Lots of spicy peanuts 7:20 done"
2023-05-19 22:24:00,"10:06 Chutneys veggie bowl ( veggies,  chole,  turmeric rice) Rice, dal, curd and pickle 10:24 done"
2023-05-20 10:00:00,9:50 chai Fistful almonds Peanuts
2023-05-20 10:00:00,10:04 Done
2023-05-20 10:47:00,10:47 fistful peanuts
2023-05-20 10:57:00,10:57 black coffee
2023-05-20 11:01:00,11 am almond cookie large
2023-05-20 11:02:00,Peanuts
2023-05-20 11:08:00,3 idlis allam chutney
2023-05-20 11:26:00,11:26 magayi annam
2023-05-20 11:29:00,Chana and peanuts
2023-05-20 11:43:00,11:37 done
2023-05-20 16:27:00,3:40 3 fistful of masala roasted chana
2023-05-20 16:36:00,4:36 veg pulav chana home made
2023-05-20 16:54:00,"#forgot to wear watch Did a similar trip like yesterday, but more intense"
2023-05-20 17:11:00,3 Cucumbers 5 pm Done
2023-05-20 17:22:00,5:22 half coffee cookie
2023-05-20 18:32:00,6:27 small coffee chocolate bar
2023-05-20 19:18:00,7:06 mixed nuts 2 slices of guava Doritos 1 bowl 1 almond cookie large
2023-05-20 19:23:00,Mixed nuts 6 fistful overall 7:23 done
2023-05-20 19:30:00,1 cucumber
2023-05-21 10:33:00,9:40 chai bellam
2023-05-21 10:33:00,10:33 idli pappu charu
2023-05-21 10:38:00,3 idlis in total 10:38
2023-05-21 10:38:00,Done
2023-05-21 11:00:00,11 instant black coffee
2023-05-21 11:52:00,11:52 instant milk coffee
2023-05-21 12:04:00,12:03 bellam ava rice Dosa Peanut chutney
2023-05-21 12:10:00,12:09 mango panakam 1 small cup
2023-05-21 12:12:00,Done 12:10
2023-05-21 13:13:00,1:13 banana
2023-05-21 16:39:00,#super hungry
2023-05-21 17:11:00,"4:45 corn boiled, 3.5 roti cabbage curry, doritos 1 bowl Plantain chips Nuts 1 large cookie"
2023-05-21 17:17:00,1 large almond toffee cluster
2023-05-21 17:22:00,1 granola cluster More chocolate
2023-05-21 17:26:00,5:22 done
2023-05-21 21:25:00,"9 pm chat, half burger and other pani puri, sweet saunf"
2023-05-21 21:25:00,9:25 done
2023-05-22 08:57:00,8:57 chai
2023-05-22 09:06:00,9:06 done
2023-05-22 10:17:00,10:16 banana
2023-05-22 11:21:00,11:21 instant milk coffee
2023-05-22 12:05:00,12:04 fruit and nut smoothie
2023-05-22 13:15:00,1:15 small fruit and nut smoothie
2023-05-22 13:47:00,"1:27 rice,  squash chana flour curry, buttermilk, pickle"
2023-05-22 13:48:00,1:45 done
2023-05-22 15:32:00,3:32 fistful nuts
2023-05-22 15:44:00,2 more fistfuls 3:44 done
2023-05-22 15:54:00,3:54 chai
2023-05-22 16:16:00,4:15 fistful nuts
2023-05-22 23:21:00,Low glucose alert in late evening today
2023-05-22 23:21:00,Was feeling hungry
2023-05-23 00:02:00,Repeat alarms eating a fruit
2023-05-23 00:12:00,2 oat bars and 1 apricot
2023-05-23 08:36:00,8:35 chai bread peanut butter
2023-05-23 08:43:00,8:40 Fistful nuts Coconut tart muffin half
2023-05-23 08:43:00,8:43 done
2023-05-23 10:04:00,10:03 upma spicy peanuts curd
2023-05-23 10:26:00,10:15 done
2023-05-23 10:26:00,10:26 milk coffee instant
2023-05-23 13:08:00,1:07 coconut tart muffin 1/3
2023-05-23 13:22:00,"1/2 roti, avakaya Aloo paratha Upma small bowl, curd 1:21"
2023-05-23 13:22:00,Done 1:21
2023-05-23 16:00:00,"3:35 1/2 roti, bhindi bhaji Bisibele bhath spicypeanuts Curd 3:50 sweet saunfs 4 pm done"
2023-05-23 16:04:00,4:04 watermelon
2023-05-23 16:04:00,üçâ
2023-05-23 17:50:00,5:50 chai
2023-05-23 17:55:00,Karachi biscuit
2023-05-23 20:48:00,8:35 2 bread Avocado and moong sprouts Peanut butter
2023-05-23 20:49:00,Pomegranate juice
2023-05-23 20:54:00,8:52 upma moong sprouts
2023-05-23 21:31:00,"9:10 bisi belebhath, curd,  rasam, bhundi bhaji 3 servings  9:25 done"
2023-05-23 22:32:00,#insight walking seems to do wonders
2023-05-24 08:22:00,8:22 chai 2 Britannia toast
2023-05-24 09:17:00,9:15 1/2 banana
2023-05-24 09:19:00,9:18 fistful of roasted almonds
2023-05-24 09:44:00,9:44 coffee instant with milk
2023-05-24 12:35:00,"12:26 chole, rice,  pickle,  curd"
2023-05-24 12:35:00,12:35 done
2023-05-24 13:33:00,#chole is crazy or my Forte is stressing me out
2023-05-24 13:33:00,220 glucose crazy
2023-05-24 13:35:00,Or is it due to no Fibre?
2023-05-24 14:17:00,2:17 coconut chikki sweet
2023-05-24 14:18:00,Fistful of mixed nuts
2023-05-24 14:20:00,Sweet saunf
2023-05-24 15:50:00,3:50 plum
2023-05-24 16:08:00,3:55 brown bread peanut butter Avocado Moong sprouts
2023-05-24 16:10:00,Fistful mixed nuts
2023-05-24 16:12:00,Fistful nuts mixed
2023-05-24 16:14:00,Fistful spicy peanut
2023-05-24 16:28:00,4:25 chai 2 toasts
2023-05-24 16:32:00,4:30 done
2023-05-24 18:16:00,6:15 apricot
2023-05-24 18:56:00,6:55 fistful mixed nuts
2023-05-24 19:46:00,7:45 chintakaya pickle rice
2023-05-24 20:01:00,7:50 strawberry
2023-05-24 20:02:00,"8:04 chat corn, sev, chole, onions, tomatoes, cucumbers"
2023-05-24 20:07:00,Samosa
2023-05-24 20:17:00,8:16 done
2023-05-24 20:18:00,8:18 coconut barfi
2023-05-24 20:20:00,8:20 done
2023-05-25 08:56:00,8:56 chai
2023-05-25 08:56:00,Jaggery
2023-05-25 09:01:00,2 ruska
2023-05-25 09:03:00,1 karachi cookie
2023-05-25 09:27:00,"9:15 Avocado bread, peanut butter, Moong sprouts Pom juice small"
2023-05-25 09:27:00,9:25 done
2023-05-25 10:28:00,10:28 instant milk coffee
2023-05-25 11:15:00,11:15 small bowl poha and boondi
2023-05-25 11:52:00,"11:37 poha , curd, boondi and bujiya Curd rice pickle"
2023-05-25 11:52:00,11:51 done
2023-05-25 11:53:00,Sweet saunf
2023-05-25 13:42:00,1:30 half plum
2023-05-25 15:17:00,"3 pm rice, chikkudukaya curry,  pickle,  curd"
2023-05-25 15:17:00,Sweet saunf
2023-05-25 15:17:00,3:17 done
2023-05-25 16:08:00,4:08 fistful nuts mixed
2023-05-25 17:10:00,5:10 chai toast
2023-05-25 17:12:00,2 toasts
2023-05-25 19:31:00,7:30 mirchi bajji
2023-05-25 20:11:00,7:35 biryani
2023-05-25 20:11:00,8:05 gulabi puvvulu sweet
2023-05-25 20:16:00,8:15 mixed nuts a fistful
2023-05-26 09:00:00,8:58 chai 2 toasts
2023-05-26 09:37:00,9:37 carrots
2023-05-26 10:28:00,10:15 utappam
2023-05-26 10:29:00,10:25 done
2023-05-26 11:58:00,11:50 1/2 banana and almonds
2023-05-26 12:56:00,12:56 plum
2023-05-26 13:39:00,"1:20 pm rice, palak dal, curd, lemon rice Mixed nuts 1:39 done"
2023-05-26 13:48:00,1:48 sweet saunf
2023-05-26 16:35:00,4:35 plum mixed nuts
2023-05-26 16:39:00,4:38 small bowl lemon rice and spicy peanuts 3 small chocolate cookie
2023-05-26 16:44:00,Chocolate toffee clusters 3 and almonds
2023-05-26 18:11:00,6:10 chai 2 rusks
2023-05-26 20:25:00,8:15 2 mini donuts Medium bowl fries
2023-05-26 20:26:00,Potato fries
2023-05-26 22:00:00,"9:35 chole batura, a little bit of chowmein and samosa chat 9:50 Done"
2023-05-27 09:53:00,9:53 chsi
2023-05-27 11:09:00,"11:05 avocado bread toast, moong sprouts, lettuce"
2023-05-27 11:14:00,2 fistful moong sprouts
2023-05-27 11:20:00,11:20 fistful nuts
2023-05-27 11:33:00,11:30 coffee instant milk with bread and peanut butter
2023-05-27 12:55:00,12:55 banana
2023-05-27 13:43:00,1:35 coffee instant milk
2023-05-27 15:37:00,3:37 yellow chili restaurant
2023-05-27 16:27:00,Paneer starters Hara bara kabab Kulcha naan Biryani Dal Saag 4:15
2023-05-27 16:36:00,4:31 mixed desserts
2023-05-27 16:46:00,4:45 sweet saunfs
2023-05-27 17:14:00,5:10 jalebi 2
2023-05-27 18:18:00,6:18 chai
2023-05-27 21:08:00,9:02 jalebi 5 pieces 1 fistful nuts
2023-05-27 21:38:00,9:30 Maggie with some veggies
2023-05-27 21:38:00,9:38 done
2023-05-28 08:57:00,8:45 cappuccino
2023-05-28 10:13:00,10:13 half croissant
2023-05-28 10:26:00,10:25 a little bit of humus bread sticks cheese cracker
2023-05-28 10:43:00,More cheese cracker and apricot
2023-05-28 10:47:00,10:45 Orange juice
2023-05-28 11:36:00,11:34 humus crackers
2023-05-28 11:56:00,11:55 half roti hummus
2023-05-28 11:56:00,Apple 1/2
2023-05-28 14:48:00,"2:30 3.5 roti, aloo curry,  pickle, chana jhor 3 thin addictive"
2023-05-28 14:50:00,2:50 done
2023-05-28 14:50:00,Nuts Walnuts
2023-05-28 16:31:00,4:25 chai 2 rusks
2023-05-28 19:33:00,Sensor stopped working
2023-05-28 21:04:00,Binge eating continuously Till 9 pm
2023-05-28 21:04:00,From 7:33pm
2023-05-29 19:53:00,####Restarting logging
2023-05-29 19:53:00,"Mixed nuts, raisins, challa pulusu"
2023-05-29 19:54:00,Shredded coconut
2023-05-29 20:17:00,"4 fistula of almonds, Walnuts and raisins 2 tbsp nutzo, and 1 small bowl of carrots 2 cups of challa pulusu 8:16"
2023-05-29 20:18:00,8:16 done
2023-05-30 08:17:00,8:17 chai
2023-05-30 08:31:00,8:30 3 idlis with allam chutney and curd
2023-05-30 08:36:00,8:36 done
2023-05-30 10:35:00,10:35 cappuccino
2023-05-30 11:44:00,11:44 1/2 idli ghee and chutney powder
2023-05-30 11:51:00,"11:50 almonds, Walnuts raisins also bowl"
2023-05-30 13:14:00,1:10 1 roti and bhindi bhaji
2023-05-30 13:14:00,1:14 small bowl mixed nuts
2023-05-30 13:14:00,And raisins
2023-05-30 14:31:00,"2:05 1.5 roti, pappu kaya 3/4 large muli paratha, curd Bhindi bhaji 1 bowl of mango juice 2:25"
2023-05-30 14:38:00,2:37 thin addictive 3
2023-05-30 14:40:00,2:40 done
2023-05-30 17:41:00,5:25 2 idlis allam chutney 1/3 large muli paratha 1/4cup oats and nuts 1 small cup chai and rusk 5:40 done
2023-05-30 17:56:00,5:45 2 multi grain flat breads 2 fistful pumpkin seeds and raisins
2023-05-30 17:56:00,5:55 done
2023-05-31 08:44:00,8:40 chai
2023-05-31 10:24:00,10:20 utappam
2023-05-31 10:28:00,10:28 done
2023-05-31 11:33:00,11:33 cappuccino
2023-05-31 13:17:00,"1:15 rasam, khichdi, bhindi bhaji left over,  papad"
2023-05-31 13:36:00,Curd 1:34  mixed nuts and 3 thin addictives
2023-05-31 13:44:00,1:40 Walnuts nuts and gas Raisins done
2023-05-31 14:54:00,2:35 3 sweet saunf
2023-05-31 17:43:00,"5:19 chana jhor garam Cucumber, onions, lemon 3 bowls"
2023-05-31 17:43:00,5:38 mango nectar and nuts 5:43 3 thin addictive
2023-05-31 17:47:00,5:45 done
2023-05-31 18:17:00,#mood Feeling fatigue
2023-06-01 09:20:00,9:18 oats nuts and raisins
2023-06-01 09:31:00,9:30 cereals milk
2023-06-01 11:42:00,11:35 roti aloo curry Cucumber and chili
2023-06-01 11:53:00,11:53 rasmalai 1
2023-06-01 12:01:00,11:55 1/3 large utappam rasam
2023-06-01 12:15:00,12:10 mixed nuts and raisins
2023-06-01 14:04:00,2:04 trade Joe's tortilla chips
2023-06-01 14:20:00,2:16 done
2023-06-01 14:53:00,2:45 2/3 utappam and ginger pickle
2023-06-01 14:53:00,Kaju
2023-06-01 15:04:00,2:55 rasam khichdi tortilla chips
2023-06-01 15:36:00,3:36 rasam khichdi curd
2023-06-01 15:46:00,Tortilla chips
2023-06-01 16:05:00,3:50 2 bowls mango nectar nuts
2023-06-01 19:12:00,7:11 almond butter dark chocolate
2023-06-01 19:21:00,Mixed nuts
2023-06-01 19:29:00,7:25 rasam rice tortilla chips
2023-06-01 19:36:00,7:30 Avocado tortilla chips apple
2023-06-01 19:49:00,7:48 done
2023-06-01 20:22:00,"Trickle feed of chips,  rice etc 8:15 done"
2023-06-01 20:55:00,8:40 lemon rice binge eating Nuts and raisins 8:55 done
2023-06-02 09:28:00,9:28 chai
2023-06-02 10:56:00,"9:40 Avocado, sourdough butter toast bread, pickle cucumbers, tortilla chips,  cheese"
2023-06-02 11:44:00,11:40 cappuccino
2023-06-02 13:27:00,"1 pm rice,  tomato dal,  2 cucumbers, pickle, picked Cucumber and a few tortilla chips"
2023-06-02 13:28:00,1 apple 1:27 done
2023-06-02 16:13:00,4:05 tortilla chips and Avocado
2023-06-02 16:29:00,"4:20 cheese, chai, crisp bread pumpkin seeds"
2023-06-02 16:32:00,"4:31 pumpkin seeds, Walnuts, raisins and almonds"
2023-06-02 16:34:00,4:33 done
2023-06-02 17:05:00,#mood 5:00 feeling fatigue
2023-06-03 05:20:00,#no sleep today
2023-06-03 05:21:00,5:20 chai
2023-06-03 06:11:00,5:40 Toasted bread and cheese
2023-06-03 06:49:00,6:40 2 idlis sambar ginger pickle
2023-06-03 08:13:00,8:13 cappuccino
2023-06-03 09:15:00,9:05 1 idli sambar 9:14 fistful mixed nuts
2023-06-03 09:33:00,9:28 1 idly sambar
2023-06-03 09:51:00,9:50 mixed nuts and raisins 2 fistful
2023-06-03 10:29:00,10:30 cappuccino
2023-06-03 12:26:00,11:50 2 idlis sambar
2023-06-03 12:26:00,12:00 Walnuts and raisins and almond butter cup chocolate
2023-06-03 12:27:00,12:05 muli
2023-06-03 13:01:00,12:50 sambar rice curd chana jhor Aloo Papad
2023-06-03 13:03:00,1pm apple
2023-06-03 13:08:00,1:05 Raisins and Walnuts
2023-06-03 16:15:00,4:10 pistachios dark chocolates 1/3 cup
2023-06-03 16:19:00,4:18 Walnuts raisins
2023-06-03 16:23:00,4:23 spicy peanuts 1/2 cup
2023-06-03 16:36:00,4:30 chai digestive biscuit
2023-06-03 16:45:00,4:38 peanuts completed
2023-06-03 16:45:00,Done
2023-06-03 20:49:00,8:49 sambar rice
2023-06-03 21:16:00,Chana jhor Sweet rice(payasam) Almonds Walnuts 1/4 banana 9:05
2023-06-03 21:16:00,9:05 done
2023-06-04 10:12:00,"10:12 chai, cheese, toast bread"
2023-06-04 10:51:00,10:50 sweet rice(payasam) and Walnuts
2023-06-04 11:13:00,11:13 butter toasted bread edges
2023-06-04 12:50:00,12:40 cappuccino 1/2 digestive biscuit
2023-06-04 13:48:00,"1:40 2 roti,  goru chikkudukaya coconut curry 2 papad and 2tbsp curd"
2023-06-04 13:52:00,"1:51 mango nectar, milk Coconut almonds and Walnuts"
2023-06-04 13:55:00,1:54 done
2023-06-04 14:01:00,Almonds cashews raisins
2023-06-04 15:52:00,3:52 crisp bread pumpkin and cheese
2023-06-04 16:03:00,3:55 almond raisins and mixed root chips
2023-06-04 16:41:00,4:35 chai
2023-06-04 18:15:00,6:15 ponkanalu sambar
2023-06-04 18:23:00,6:23 mango nectar
2023-06-04 18:27:00,Almonds
2023-06-04 18:44:00,Raisins and pumpkin seeds
2023-06-04 18:44:00,6:44 done
2023-06-05 09:45:00,9:45 chai
2023-06-05 10:22:00,10:22 mixed nuts and raisins
2023-06-05 10:36:00,Banana
2023-06-05 10:36:00,10:36 Done
2023-06-05 12:25:00,Approx 11:00 cappuccino
2023-06-05 12:25:00,"12:25 rice,  dal, cucumbers"
2023-06-05 12:43:00,"Root Chips, curd"
2023-06-05 12:44:00,Pickle
2023-06-05 12:46:00,12:45 done
2023-06-05 12:46:00,Almond and raisins
2023-06-05 16:34:00,"4:25 mixed nuts, raisins, pumpkin seeds"
2023-06-05 17:13:00,4:35 chai
2023-06-06 08:45:00,"8:45 chai, toast cheese guacomole"
2023-06-06 08:58:00,8:57 orange and almonds
2023-06-06 10:09:00,10:05 cappuccino
2023-06-06 13:19:00,"12:40 rice,  dal Peas potato curry (bengali) 1 Roti Curd and rice 1 pizza slice Cheese grapes"
2023-06-06 13:19:00,1:19 done
2023-06-06 13:24:00,1:24 Raisins and almonds
2023-06-06 15:34:00,3:33 cappuccino
2023-06-06 16:13:00,4:10 banana
2023-06-06 16:25:00,"4:20 rice, potato peas curry,  curd,  root chips"
2023-06-06 16:34:00,4:30 raisins almonds 3 Thin addictives
2023-06-06 17:15:00,5:05 chai
2023-06-07 07:46:00,7:46 chai
2023-06-07 07:55:00,"Today bread, dip and cheese, nutzo"
2023-06-07 09:17:00,"9:15 half dosa, potato peas curry"
2023-06-07 09:37:00,9:30 dosa potato peas curry
2023-06-07 09:42:00,9:41 2 cucumbers
2023-06-07 09:49:00,Raisins almonds nutzo
2023-06-07 10:53:00,10:53 cappuccino
2023-06-07 12:41:00,12:00 small bowl rice and dal and chana jhor
2023-06-07 12:41:00,"12:25 rice, dal, root chips, curd"
2023-06-07 12:41:00,12:41 small bowl grapes and cheese
2023-06-07 13:23:00,"1:33 raisins, almonds, and pumpkin seeds"
2023-06-07 13:36:00,1:35 Raisins and almonds 1 small Godiva Chocolate
2023-06-07 13:40:00,1 more small Godiva chocolate
2023-06-07 14:48:00,2:40 2 scoops tuti fruti Ice cream
2023-06-07 14:50:00,Root chips small bowl
2023-06-07 17:09:00,5:09 orange
2023-06-07 17:13:00,Grapes
2023-06-07 17:21:00,5:15 Dosa with allam chutney and nutzo
2023-06-07 17:23:00,Papad
2023-06-07 17:57:00,5:45 Roasted Peanuts
2023-06-07 18:09:00,6:00 almonds raisins
2023-06-08 08:17:00,Cereals
2023-06-08 08:26:00,With blueberries and Walnuts
2023-06-08 09:16:00,Banana
2023-06-08 11:42:00,11:40 Mixed nuts
2023-06-08 12:03:00,11:50 cappuccino Crispbread Giuacomole 1/2 biscuit
2023-06-08 13:48:00,"12:50 pasta, Peas, chana jhor and sundried tomatoes"
2023-06-08 14:37:00,#mood feeling low for the past 15 min or so
2023-06-08 16:20:00,4:20 chai
2023-06-08 16:45:00,"Crisp bread, cheese, guacamole Grapes and cheese 4:44 done"
2023-06-08 17:13:00,5:05 chana jhor garam and peanuts
2023-06-08 17:20:00,5:20 peanuts Done
2023-06-08 18:50:00,"#mood felt fatigued for the past 1 hour+ , stomach over full"
2023-06-09 09:41:00,Peanuts fistful
2023-06-09 09:47:00,Biscuit Chai
2023-06-09 10:28:00,Blueberry pancake
2023-06-09 10:30:00,Maple syrup
2023-06-09 11:02:00,Cappuccino
2023-06-09 12:18:00,Peanuts fistful
2023-06-09 12:50:00,More peanuts fistful
2023-06-09 13:19:00,"1:15 rice, peas, dal, curd,  Cucumber salad, papad"
2023-06-09 13:28:00,1:28 done
2023-06-09 14:25:00,2:25 blueberries fistful
2023-06-09 15:01:00,1 almond butter cup chocolate
2023-06-09 15:07:00,Blueberries fistful
2023-06-09 15:09:00,Fistful almond
2023-06-09 15:11:00,Fistful almonds
2023-06-09 16:14:00,Chai biscuit
2023-06-09 16:16:00,Biscuit
2023-06-09 17:33:00,4 loquats
2023-06-09 17:47:00,"1 bowl of rice, dal, peas curry, chana jhor"
2023-06-09 17:57:00,5:50 chocolava cake and almonds
2023-06-10 10:11:00,"10:10 chai, bread toast, cheese and nutzo"
2023-06-10 11:19:00,11:10 cappuccino
2023-06-10 12:08:00,Small bowl rice dal papad
2023-06-10 12:15:00,"Bread small butter roasted, with nutzo and almonds"
2023-06-10 13:30:00,Thakipeet
2023-06-10 13:55:00,2.5 Thalipeet done
2023-06-10 14:13:00,Chocolate cookie
2023-06-10 14:21:00,Cappuccino
2023-06-10 14:41:00,#fatigued
2023-06-10 16:59:00,Chai biscuit
2023-06-11 08:09:00,Chai
2023-06-11 08:13:00,Almond crackers
2023-06-11 08:46:00,8:30 2 dosas
2023-06-11 11:58:00,10:30 cappuccino
2023-06-11 11:58:00,1 large mug Almond milk
2023-06-11 12:37:00,Chole rice
2023-06-11 12:56:00,Apple
2023-06-11 15:01:00,1:30 cappuccino
2023-06-11 15:01:00,2:10 large bowl roasted makhana
2023-06-11 15:02:00,#Driving to San Jose
2023-06-11 20:46:00,8:30 chole rice
2023-06-11 20:46:00,Large bowl
2023-06-11 20:46:00,3 to 7 pm oranges and crisp bread
2023-06-12 10:04:00,10:04 cappuccino
2023-06-12 13:39:00,12:45 banana
2023-06-12 14:12:00,1:45 mixed nuts and coffee
2023-06-12 16:35:00,3ish cashews 4pm apple
2023-06-12 20:44:00,"Chole, roti"
2023-06-12 21:11:00,"Dal, vangi bhaji, rice,  curd Done"
2023-06-12 21:16:00,Sweets
2023-06-13 09:28:00,Coffee with little milk
2023-06-13 10:28:00,Cheese
2023-06-13 10:34:00,Cookie
2023-06-13 10:39:00,Cheese
2023-06-13 10:48:00,Belvita 4 breakfast biscuits
2023-06-13 12:55:00,Lunch Mexican
2023-06-13 12:55:00,IMG-20230613-WA0001.jpg (file attached)
2023-06-13 13:22:00,1:10 cappuccino
2023-06-13 15:08:00,Cucumbers
2023-06-13 15:39:00,Cheese
2023-06-13 15:40:00,IMG-20230613-WA0003.jpg (file attached)
2023-06-13 15:43:00,A couple of potato chips
2023-06-13 15:44:00,Fistful almonds
2023-06-13 16:25:00,Orange Fistful cashews
2023-06-13 17:11:00,Fistful cashews
2023-06-13 18:18:00,5:20 makhana and 3 crisp beads
2023-06-13 18:51:00,6:30 chipotle veggie bowl
2023-06-13 19:44:00,7:30 chai
2023-06-14 10:57:00,Cashews fistful
2023-06-14 11:01:00,Cheese
2023-06-14 12:31:00,Paneer tikka masala and rice
2023-06-14 16:33:00,4:10 Fistful almonds
2023-06-14 16:44:00,Fistful cashews
2023-06-14 16:45:00,Bagel multi grain and nutzo
2023-06-14 16:57:00,2 fistful cashews
2023-06-14 17:52:00,1 fistful cashews
2023-06-14 17:56:00,1 fistful Walnuts
2023-06-14 21:21:00,"Rice, potato korma, pickle"
2023-06-14 21:41:00,"Curd, little rajma"
2023-06-15 11:14:00,Cappuccino
2023-06-15 11:26:00,Mexican before bowl
2023-06-15 11:26:00,Veggie chips
2023-06-15 14:13:00,2:05 coffee milk
2023-06-15 14:50:00,2:30 fistful cashews
2023-06-15 16:00:00,4 fistful almonds
2023-06-15 17:57:00,Cheese
2023-06-15 17:58:00,Fistful cashews
2023-06-15 18:08:00,Fistful veggie chips
2023-06-15 18:17:00,2 Fistful veggie chips
2023-06-15 19:53:00,7:45 chai
2023-06-15 21:09:00,Biryani
2023-06-15 21:12:00,Aloo korma
2023-06-15 21:29:00,Fried rice Sweet (double ka meetha) Done
2023-06-16 10:59:00,10:45 Coffee with milk
2023-06-16 11:42:00,Fistful cashews
2023-06-16 11:45:00,Fistful almonds
2023-06-16 12:46:00,"Salsa chips,  Avocado tacos lunch"
2023-06-16 15:20:00,Tortillas chips
2023-06-16 16:27:00,Walnut cake 3 slices
2023-06-16 20:01:00,Chai
2023-06-16 21:01:00,"Samosa, bajji, manchria small bowl Walnut cake small"
2023-06-16 21:02:00,Buttermilk
2023-06-17 08:22:00,Chai
2023-06-17 10:01:00,You deleted this message
2023-06-17 10:03:00,"9:25 wheat rava upma, 9:45 pulihora, 10:00 3 cookies"
2023-06-17 12:21:00,12:10 orange
2023-06-17 12:21:00,12:21 orange
2023-06-17 13:40:00,IMG-20230617-WA0031.jpg (file attached)
2023-06-17 13:40:00,Thali
2023-06-17 13:58:00,Done
2023-06-17 16:28:00,Banana nuts
2023-06-17 16:41:00,Pulohora small bowl
2023-06-17 16:41:00,Double ka meetha half bowl and nuts
2023-06-18 10:03:00,Cereal and milk
2023-06-18 10:18:00,3 bowl serving of granola and cereals almonds and Walnuts
2023-06-18 12:50:00,Veg Nepali thali
2023-06-18 12:50:00,IMG-20230618-WA0001.jpg (file attached)
2023-06-18 13:08:00,Done are quite a bit
2023-06-18 14:12:00,Mixed nuts
2023-06-18 14:43:00,2:30 3 mini almond cookies
2023-06-18 17:13:00,Pulihora small bowl
2023-06-18 17:23:00,Cereals and milk
2023-06-18 17:50:00,Cereals and milk
2023-06-18 17:50:00,Many bowls till 5:50
2023-06-18 17:51:00,Walnuts
2023-06-18 19:53:00,"#mood feeling fatigue, ate a lot"
2023-06-18 19:53:00,Last 1 hour+
2023-06-19 08:32:00,8:25 cherry small bowl Mixed nuts fistful
2023-06-19 11:14:00,9:45 coffee milk 10:18 fistful cashews
2023-06-19 11:26:00,11:15 fistful almonds 11:25 black coffee 11:25 fistful Walnuts
2023-06-19 12:49:00,IMG-20230619-WA0000.jpg (file attached)
2023-06-19 12:49:00,Mediterranean lunch
2023-06-19 15:58:00,Fistful almonds
2023-06-19 16:01:00,Fistful cashews
2023-06-19 17:25:00,Fistful cashews
2023-06-19 17:27:00,Fistful almonds
2023-06-19 17:33:00,Fistful cashews
2023-06-19 18:16:00,Cherries small bowl
2023-06-19 20:57:00,Cherries and nuts
2023-06-19 21:45:00,"9:30 3 cups of nuts (cashews, Walnuts)"
2023-06-20 09:06:00,8:30 black coffee
2023-06-20 09:23:00,coffee milk
2023-06-20 10:30:00,Almonds fistful
2023-06-20 11:41:00,Belvita crunchy cookie
2023-06-20 11:46:00,4 cookies 220 cal
2023-06-20 12:36:00,Vegetarian garden with mixed green salad
2023-06-20 13:57:00,Cheese block
2023-06-20 14:14:00,Fistful cashews
2023-06-20 14:52:00,Coffee milk decaf
2023-06-20 16:44:00,Cheese fistful cashews
2023-06-20 17:49:00,Belvita biscuits 4
2023-06-20 17:52:00,#mood feeling low so eating biscuits
2023-06-20 17:55:00,Fistful almonds
2023-06-20 17:59:00,Fistful cashews
2023-06-20 19:58:00,Dinner
2023-06-20 20:43:00,IMG-20230620-WA0003.jpg (file attached)
2023-06-20 20:43:00,Done
2023-06-21 10:18:00,Banana
2023-06-21 11:58:00,11:40 Fistful almonds
2023-06-21 13:06:00,Veg lasagna
2023-06-21 13:13:00,Nachos
2023-06-21 16:27:00,Fistful cashews
2023-06-21 17:19:00,Fistful almonds
2023-06-21 17:26:00,IMG-20230621-WA0004.jpg (file attached)
2023-06-21 17:26:00,4 biscuits
2023-06-21 17:52:00,Fistful cashews
2023-06-21 17:53:00,veggie before
2023-06-21 20:12:00,Fistful cashews
2023-06-21 20:21:00,8:15 fistful cashews
2023-06-21 20:28:00,IMG-20230621-WA0006.jpg (file attached)
2023-06-21 20:29:00,Tostada baja fresh
2023-06-22 09:20:00,11 pm yesterday: 5 jalape√±o poppers
2023-06-22 09:20:00,Tea and biscuit
2023-06-22 09:23:00,Biscuit
2023-06-22 09:37:00,Cappuccino
2023-06-22 14:05:00,Lunch
2023-06-22 17:31:00,Banana almonds
2023-06-22 17:41:00,Chai biscuit
2023-06-22 17:56:00,"Snacks 3 small bowls Chuda, sev"
2023-06-22 20:02:00,Dinner semya
2023-06-22 20:34:00,"8:33 curd, gangavalli pappu, rice, papad, semya upma"
2023-06-22 20:34:00,Gangavalli pappu and rice
2023-06-23 06:47:00,Chai
2023-06-23 07:27:00,Pongal
2023-06-23 09:44:00,7:45 cappuccino
2023-06-23 09:44:00,Pongal
2023-06-23 09:44:00,Sev and papad
2023-06-23 12:59:00,Mixed nuts and prunes
2023-06-23 12:59:00,Cappuccino
2023-06-23 12:59:00,Fried green tomato slice
2023-06-23 13:10:00,2 fistful cashews
2023-06-23 13:54:00,"Rasam rice,  pongal, tomato chips Kaju kathli"
2023-06-23 14:13:00,#mood Overate today
2023-06-23 14:13:00,#mood overate yesterday
2023-06-23 17:04:00,4:50pm banana Walnuts
2023-06-23 17:04:00,5pm raj bhog overcame 1 scoop and Walnuts
2023-06-24 09:02:00,"6:45 pm rice, pickle, curd and chips and something else"
2023-06-24 09:02:00,"7:40 am banana, 2 energy bars"
2023-06-24 09:02:00,8:30 coffee milk
2023-06-24 10:25:00,#mood feeling sleepy
2023-06-24 10:25:00,Caffeine crash?
2023-06-24 12:20:00,12:10 lemon honey tea
2023-06-24 15:35:00,Toastada salad
2023-06-24 15:35:00,IMG-20230624-WA0000.jpg (file attached)
2023-06-24 16:00:00,"#mood overate oily base it was, i think the glucose will shoot up"
2023-06-24 21:49:00,9:49 pm two fresh spring rolls
2023-06-24 22:15:00,9:49 pm peanut sauce Orange slices
2023-06-25 11:59:00,11:39 brunch
2023-06-25 11:59:00,IMG-20230625-WA0000.jpg (file attached)
2023-06-25 12:50:00,Cappuccino
2023-06-25 18:05:00,Banana
2023-06-25 18:17:00,Kind energy bar
2023-06-25 19:02:00,Chipotle veggie bowl and chips
2023-06-25 19:16:00,Done
2023-06-26 09:26:00,Black coffee
2023-06-26 10:16:00,Decaf cappuccino
2023-06-26 11:32:00,Cashews fistful
2023-06-26 14:24:00,2:15 banana
2023-06-26 15:13:00,"Bowl full of Walnuts, almond and raisins"
2023-06-26 16:53:00,4:25 cappuccino
2023-06-26 17:18:00,Walnuts and cashews half bowl
2023-06-26 21:11:00,Chipotle veggie bowl and chips
2023-06-26 21:11:00,With sour cream
2023-06-26 23:50:00,#mood weird that my sugar spiked from chipotle 2 hours later
2023-06-27 09:35:00,Banana
2023-06-27 09:57:00,9:45 cappuccino
2023-06-27 09:57:00,Granola nuts milk
2023-06-27 10:55:00,Coffee milk
2023-06-27 11:50:00,Orange
2023-06-27 11:51:00,# sensor over
2023-06-27 12:29:00,IMG-20230627-WA0000.jpg (file attached)
2023-06-27 12:29:00,Lunch
2023-06-27 12:33:00,1/2 box
2023-06-27 15:07:00,2:50 1/2 box
2023-06-27 15:46:00,3:30 almonds
2023-06-27 15:46:00,3:46 cashews fistful
2023-06-28 08:07:00,#shambhavi 8 am tuft rooftop
2023-06-28 08:52:00,Cappuccino
2023-06-28 08:52:00,Double shot^^
2023-06-28 09:03:00,Banana
2023-06-28 11:11:00,Decaf cappuccino
2023-06-28 12:55:00,IMG-20230628-WA0006.jpg (file attached)
2023-06-28 12:55:00,Lunch: rice and veggies
2023-06-28 13:04:00,Fistful cashews
2023-06-28 13:13:00,Walnuts cheese pita small bowl
2023-06-28 13:19:00,Small bowl almonds and peanut m&ms
2023-06-28 15:46:00,Pita crackers and cheese
2023-06-28 19:07:00,#shambhavi near the reservoir
2023-06-28 19:07:00,Crackers
2023-06-29 06:41:00,^^ yesterday 7:30 bowlful of crackers and 2 energy bars
2023-06-29 09:35:00,Chai
2023-06-29 09:38:00,Bread guacomole
2023-06-29 09:49:00,Mixed nuts
2023-06-29 09:53:00,Croissant jam and honey
2023-06-29 09:58:00,Apple figs
2023-06-29 10:13:00,Cappuccino
2023-06-29 13:21:00,"Lunch pappu kaya, rice,  chips sev"
2023-06-29 13:40:00,"1 scoop raj bhog ice cream, walnuts, dried prune, mixed nuts"
2023-06-29 16:02:00,Chai
2023-06-29 21:30:00,"8:30 dinner: 2 roti, beans curry, pappu kaya, curd, chana jhor, Walnuts and prunes Lots of blueberries"
2023-06-29 21:40:00,9:35 done
2023-06-30 09:56:00,8:30 peanuts small bowl Chai 3 idlis and coconut chutney
2023-06-30 09:56:00,#mood fatigued
2023-06-30 12:11:00,Fruit figs and Walnuts
2023-06-30 12:14:00,Fistful peanuts
2023-06-30 13:44:00,"Lunch: 2 roti, 2 idly coconut chutney Beans potato curry"
2023-06-30 13:47:00,"Walnuts, figs, papad"
2023-06-30 18:04:00,Peanuts roasted
2023-06-30 18:25:00,Chana jhor garam
2023-06-30 18:52:00,Grapes and Walnuts
2023-07-01 09:19:00,Mixed nuts
2023-07-01 09:37:00,"Tart blackberry jam, bread, chai"
2023-07-01 09:43:00,1 idly coconut and allam chutney
2023-07-01 10:14:00,Fig
2023-07-01 10:28:00,10:20 Walnuts fistful
2023-07-01 11:16:00,Cappuccino
2023-07-01 11:56:00,2 idlis coconut and allam chutney
2023-07-01 12:09:00,2 more idlis Blueberries
2023-07-01 12:16:00,Walnuts and fig fruits
2023-07-01 13:26:00,1:10 1 slice veggie pizza 1:26 blueberries and Walnuts
2023-07-01 19:08:00,"6:10 mango nectar, nuts 6:30 1.5 utappam 6:50 mango nectar, nuts and pumpkin seeds, prunes"
2023-07-02 10:41:00,"10:30 chai Toast, guacomole, nutzo, mustard sauce 4 multi grain crackers Mixed nuts and prune"
2023-07-02 12:26:00,Cappuccino
2023-07-02 13:14:00,"12:45 macadamia nuts, Walnuts makhana small bowl"
2023-07-02 13:45:00,Chole batura
2023-07-02 14:23:00,"1/2 roti, kadi, pickle, rice 1/4 cup shira"
2023-07-02 16:19:00,Coconut water
2023-07-02 18:56:00,6:45 rice curd Karela curry (Amita's mom) Pickle Papaf
2023-07-02 19:06:00,7 pm bread nutzo
2023-07-02 19:15:00,1/2 apple
2023-07-03 08:52:00,Fig fruit and walnut
2023-07-03 09:08:00,Almonds prune
2023-07-03 09:34:00,Chai
2023-07-03 11:03:00,10:30 cappuccino
2023-07-03 12:43:00,Cashews
2023-07-03 13:16:00,"1 pm Rice, dal, rasam, curd Almond crisp Mango nectar and nuts (Walnuts, macadamia and cashews)"
2023-07-03 13:16:00,1:15 done
2023-07-03 13:19:00,Full meal but not heavy
2023-07-03 17:49:00,#mood felt sleepy slept for 45 min
2023-07-03 17:50:00,"5:10 mango nectar, almonds and Walnuts"
2023-07-04 10:03:00,Chai Bread jam
2023-07-04 12:16:00,Idli sambar
2023-07-04 12:17:00,10:15 4 idlis allam chutney
2023-07-04 12:46:00,2 idlis sambar Rice sambar Curd Okra Papad
2023-07-04 12:51:00,Mango nectar Walnuts and almonds
2023-07-04 13:48:00,#insight idli sambar makes a difference vs only idli
2023-07-04 17:54:00,#shambhavi at gas station in the car on i5
2023-07-04 17:54:00,Idli sambar okra
2023-07-04 18:07:00,4 idlis^^
2023-07-04 18:07:00,M&Ms 2 packs 160 cal each going to much along
2023-07-04 22:14:00,6:25 done
2023-07-04 22:49:00,#response to movement after meal is very positive
2023-07-05 08:19:00,Cappuccino
2023-07-05 10:27:00,"10:10 cereals, granola, chia seeds, milk and nuts"
2023-07-05 10:27:00,10:25 cappuccino
2023-07-05 11:40:00,Fistful cashews
2023-07-05 13:20:00,1:05 thai veg curry and rice
2023-07-05 20:00:00,Chipotle veggie bowl
2023-07-05 20:00:00,Chips
2023-07-05 21:03:00,8:20 done
2023-07-06 01:33:00,#insight don't eat heavy at night
2023-07-06 08:13:00,Cappuccino
2023-07-06 08:14:00,Banana
2023-07-06 11:07:00,Fistful cashews
2023-07-06 11:17:00,Cappuccino Crackers cheese
2023-07-06 11:26:00,Peanut butter m&ms
2023-07-06 13:52:00,Pizza
2023-07-06 13:52:00,IMG-20230706-WA0001.jpg (file attached)
2023-07-06 14:07:00,Peanut butter m&m
2023-07-06 16:06:00,"Pizza 2 slices, salad greens, crackers and cheese Peanut butter m&ms"
2023-07-06 16:07:00,Done
2023-07-07 08:27:00,"8:15 banana, walnut, almond"
2023-07-07 08:27:00,Cappuccino
2023-07-07 09:19:00,"Fistful cashews, Cheese cracker"
2023-07-07 10:53:00,Banana
2023-07-07 11:45:00,Fistful cashews
2023-07-07 11:52:00,Crackers and cheese
2023-07-07 12:51:00,Chipotle veggie bowl and chips
2023-07-07 12:54:00,Done
2023-07-07 16:32:00,#shambhavi
2023-07-07 17:00:00,Banana
2023-07-07 17:05:00,Energy bar kind
2023-07-07 21:27:00,6:45 fistful trail mix with nuts and m&m
2023-07-07 21:44:00,"Biryani, and carrot halwa"
2023-07-07 21:46:00,#ate in limit
2023-07-07 21:54:00,2 fistful trail nuts and m&md
2023-07-07 21:54:00,You deleted this message
2023-07-08 09:41:00,Chai Crackers
2023-07-08 09:43:00,Biscuits
2023-07-08 09:56:00,9:45 1 digestive and 1/2 nutri biscuit
2023-07-08 10:50:00,Poha
2023-07-08 11:10:00,Cappuccino
2023-07-08 14:30:00,"2:15 rice, sambar, papad, 3 tortillas, palak Paneer, curd, poha"
2023-07-08 18:34:00,4 pani puri Mixed sweets
2023-07-08 18:50:00,2 crackers 1 biscuit Tea
2023-07-08 19:02:00,Peanuts
2023-07-08 19:15:00,Peanuts Bowl full^^ done
2023-07-09 09:55:00,Chai 3 crackers
2023-07-09 09:57:00,1 biscuit
2023-07-09 10:41:00,10:20 semya upma coconut chutney
2023-07-09 10:42:00,2 peaches
2023-07-09 12:03:00,Peanuts
2023-07-09 12:15:00,"Coffee filter, 1 biscuit, 3 crackers"
2023-07-09 13:34:00,"Rice, beans curry, pickle, Papad"
2023-07-09 13:53:00,1:45 rice sambar curd
2023-07-09 13:54:00,1:50 2 fruits
2023-07-09 13:54:00,Chocolate
2023-07-09 18:31:00,Chai 3 crackers
2023-07-09 18:31:00,Peanuts
2023-07-09 18:46:00,Semyaupma veggie chips
2023-07-09 18:52:00,Mixed sweets
2023-07-09 18:58:00,Macadamia nuts
2023-07-10 09:00:00,Chai
2023-07-10 10:10:00,"10 almonds, Walnuts, prunes, pumpkin seeds, and peanuts"
2023-07-10 10:15:00,Cappuccino
2023-07-10 12:57:00,"12:30 basmati rice, rajma, Cucumber, papad, curd"
2023-07-10 12:58:00,12:45 1 bowl sweets and Walnuts
2023-07-10 18:39:00,Mixed nuts and prunes
2023-07-10 18:39:00,Chai
2023-07-10 18:56:00,Coconut water
2023-07-10 18:56:00,2 bowls of nuts
2023-07-10 18:56:00,"Almonds, Walnuts, macadamia nuts,"
2023-07-10 19:01:00,Done
2023-07-11 09:28:00,9:20 Chai
2023-07-11 09:28:00,9:20 2 digestive biscuits
2023-07-11 09:28:00,Macadamia nuts and 2 small peaches
2023-07-11 10:33:00,10:15 3 idlis and coconut chutney
2023-07-11 10:33:00,10:20 cappuccino
2023-07-11 10:33:00,10:25 3 crackers
2023-07-11 19:44:00,"12:30 rice, roti, pappu kaya, pickle, papad curd"
2023-07-11 19:45:00,"6:30 chai Basmati Rice, pappu kaya, pickle, chana jhor 3 crackers"
2023-07-11 19:48:00,Sweetened coconut water
2023-07-11 21:47:00,Biryani small bowl
2023-07-11 22:20:00,10:10 coffee and mixed nuts and m&ms
2023-07-12 08:45:00,Chai
2023-07-12 10:08:00,Orange
2023-07-12 10:11:00,Fistful almonds
2023-07-12 10:45:00,10:30 cappuccino
2023-07-12 12:21:00,IMG-20230712-WA0002.jpg (file attached)
2023-07-12 12:21:00,Lunch
2023-07-12 12:47:00,"Orange, cashews and almonds"
2023-07-12 12:47:00,Peanut m&m
2023-07-12 15:09:00,Cappuccino
2023-07-12 19:49:00,#shambhavi
2023-07-12 19:49:00,"Cashews, almonds, cheese"
2023-07-12 20:21:00,Chipotle veggie bowl and chips
2023-07-13 08:46:00,Cappuccino
2023-07-13 10:33:00,Fistful cashews and cheese and almonds
2023-07-13 11:19:00,Fistful Walnuts
2023-07-13 13:01:00,Chipotle veggie bowl
2023-07-13 13:01:00,With chips
2023-07-13 14:01:00,1:35 peanut m&ms handful
2023-07-13 18:44:00,Banana fistful cashews
2023-07-13 18:57:00,"Cereal bowl with nuts, granola, chia seeds and peanut m&ms"
2023-07-13 18:58:00,Fistful cashews
2023-07-13 19:13:00,Fistful m&ms
2023-07-13 19:50:00,IMG-20230713-WA0003.jpg (file attached)
2023-07-13 19:50:00,Soup and bread
2023-07-13 20:02:00,Done
2023-07-14 09:06:00,8:45 breakfast Cappuccino Bagel with 2 cheese blocks and almonds butter Fistful Cashews and almonds
2023-07-15 07:46:00,"Yesterday 3:45-4:30pm 2 oily samosas, 1 bowl of biryani and raita (mehak restaurant)"
2023-07-15 08:48:00,8:48 chai
2023-07-15 08:52:00,2 biscuits and 2 crackers
2023-07-15 10:08:00,"10 am upma, sev"
2023-07-15 10:49:00,10:40 cappuccino
2023-07-15 12:34:00,M&ms and macadamia nuts
2023-07-15 13:21:00,"1 pm chole, upma, papad, curd"
2023-07-15 13:55:00,Peaches nectarines
2023-07-15 17:29:00,Chai 2 crackers and biscuit
2023-07-15 18:10:00,Chana jhor garam
2023-07-15 18:32:00,6:30 done
2023-07-16 13:16:00,"9:15 chai, 2 crackers, 1 biscuit"
2023-07-16 13:16:00,10 cereals milk nuts
2023-07-16 13:16:00,10:30 cappuccino
2023-07-16 13:17:00,"1 pm wholesome  lunch: rice, roti, dal, kura, curd"
2023-07-16 13:17:00,1:15 lunch done
2023-07-16 22:07:00,"Mango dal, rice small bowl"
2023-07-16 22:21:00,Small bowl watermelon
2023-07-17 08:37:00,Chai
2023-07-17 09:16:00,Fistful almonds and fistful cashews
2023-07-17 10:22:00,9:30 cappuccino
2023-07-17 10:22:00,Banana
2023-07-17 11:12:00,2 fistful almonds
2023-07-17 11:12:00,Black coffee
2023-07-17 12:50:00,Lunch: Chinese
2023-07-17 12:50:00,IMG-20230717-WA0001.jpg (file attached)
2023-07-17 12:50:00,Nachos and cashews
2023-07-17 13:31:00,M&ms
2023-07-17 18:26:00,Fistful cashews
2023-07-17 19:20:00,Bowl full roasted peanuts
2023-07-17 22:32:00,7:45 chai
2023-07-17 22:33:00,8:15 2 bowls roasted peanuts
2023-07-18 08:42:00,Cappuccino
2023-07-18 09:02:00,Cheese and almonds
2023-07-18 10:26:00,Cereals milk
2023-07-18 11:59:00,10:45 fistful cashews
2023-07-18 12:15:00,IMG-20230718-WA0009.jpg (file attached)
2023-07-18 12:15:00,IMG-20230718-WA0011.jpg (file attached) Lunch:
2023-07-18 13:01:00,12:30 nachos 12:45 peanut m&ms
2023-07-18 20:44:00,IMG-20230718-WA0014.jpg (file attached) Dinner
2023-07-18 20:48:00,IMG-20230718-WA0015.jpg (file attached)
2023-07-18 20:53:00,IMG-20230718-WA0015.jpg (file attached)
2023-07-19 08:52:00,Energy bar kind
2023-07-19 09:15:00,"Fistful cashews, almonds"
2023-07-19 09:15:00,Cappuccino
2023-07-19 09:16:00,"#mood over ate, felt fatigue for 2+hours"
2023-07-19 12:07:00,Fistful peanut m&m
2023-07-19 12:07:00,10:45 fistful almonds
2023-07-19 12:19:00,IMG-20230719-WA0001.jpg (file attached)
2023-07-19 12:19:00,Lunch
2023-07-19 12:43:00,12:30 peanut m&m
2023-07-19 12:55:00,12:25 orange
2023-07-19 19:27:00,IMG-20230719-WA0004.jpg (file attached)
2023-07-19 19:27:00,#shambhavi
2023-07-19 19:28:00,Dinner subway veggie patty
2023-07-20 09:24:00,Yesterday 7:30 - 8 pm peanuts and hazlenut
2023-07-20 09:24:00,Hazlenuts
2023-07-20 09:51:00,9:35 Chai 2 biscuits  2 crackers
2023-07-20 09:51:00,Macadamia and hazlenuts
2023-07-20 09:52:00,Spoon full jam
2023-07-20 09:58:00,Cereals and milk
2023-07-20 09:58:00,Walnuts and almonds
2023-07-20 12:59:00,"12:45 Lunch: Rice, pickle, spinach dal, papad, curd"
2023-07-20 18:34:00,"5:45 rice, dal, veggie chips"
2023-07-20 18:35:00,6:00 pm  medium bowl chana jhor
2023-07-20 18:35:00,6:15 2 bowls of cereals and milk and nuts
2023-07-21 09:35:00,Chai
2023-07-21 10:07:00,Hazlenuts
2023-07-21 18:04:00,11:30 cappuccino
2023-07-21 18:05:00,12:30 creamy tomato soup and 2 butter crisp bread
2023-07-21 18:06:00,"5:30 2 small peaches, tofu, veggie fried rice, Hazlenuts, veggie chips,  macadamia nuts, sev,"
2023-07-22 09:00:00,Chai
2023-07-22 09:04:00,1 biscuit 1 cracker
2023-07-22 09:19:00,3 idlis sambar
2023-07-22 09:19:00,1 small bowl sev
2023-07-22 10:59:00,1 medium glass coconut water
2023-07-22 11:43:00,2 idli sambar Rice sambar Veggie chips
2023-07-22 11:46:00,5 chocolate covered blueberries
2023-07-22 12:00:00,"Hazlenuts and macadamia, large date"
2023-07-22 13:50:00,Sambar rice veggie chips
2023-07-22 14:02:00,"Cereals and milk, chia seeds and nuts"
2023-07-22 14:03:00,Maple syrup
2023-07-22 18:20:00,4:30 ice cream stick
2023-07-22 20:23:00,8:00 1.5 utappam and ginger chutney
2023-07-22 20:24:00,"8:15 basmati rice, curd and ginger chutney, some veggie chips"
2023-07-22 20:24:00,1 small bowl of hazlenuts and macadamia
2023-07-22 20:24:00,8:24 done
2023-07-23 11:18:00,Cappuccino
2023-07-23 11:19:00,"9:25 chai 4 crackers, 1 small bread and Berry jam"
2023-07-23 13:59:00,"1:30 to 2 pm: 2 cucumbers Bagara rice, Paneer butter masala small bowl Gangavalli pappu Curd Veggie chips Papad"
2023-07-23 19:59:00,Nuts and date
2023-07-23 20:26:00,"8:15 rice,  gangavalli pappu, lemon pickle, veggie chips"
2023-07-23 20:44:00,8:40 1/2 chipotle chips
2023-07-24 09:07:00,Chai
2023-07-24 09:34:00,9:15 small bowl of Walnuts and almonds
2023-07-24 09:34:00,And macadamia nuts
2023-07-24 11:25:00,Nuts and black coffee and date
2023-07-24 11:57:00,Macadamia nuts
2023-07-24 12:00:00,Date
2023-07-24 12:14:00,Date and Walnuts
2023-07-24 15:00:00,"1:30 lunch: 2 item combo shira aunty Rice, roti, saag, chole, dal makhani, vangan bharta, shira, samosa"
2023-07-24 18:15:00,"Macadamia nuts, Walnuts and 3 dates"
2023-07-24 18:34:00,Chai almonds
2023-07-25 07:10:00,Peanuts
2023-07-25 07:28:00,Chai peanuts 5 crackers
2023-07-25 07:35:00,Bread jam
2023-07-25 10:14:00,Peanuts 2 fistful
2023-07-25 10:27:00,10:15 utappam
2023-07-25 10:27:00,"And ginger chutney and podi, peanuts"
2023-07-25 10:40:00,10:35 done
2023-07-25 11:37:00,Fistful pistachios Chips
2023-07-25 13:22:00,"1:15 rice, moong dal pappu, pickle, papad, curd"
2023-07-25 19:59:00,7:15 utappam 3 kiwis Handful cherries 3 dates and macadamia nuts
2023-07-25 19:59:00,8 pm done
2023-07-26 10:37:00,9:45 chai 2 crackers
2023-07-26 10:37:00,10:15 cereals milk
2023-07-26 10:37:00,Nuts
2023-07-26 10:38:00,10:35 date and macadamia nuts
2023-07-26 14:03:00,"12:00 to 12:30 basmati rice,  pappu kaya, pickle and papad"
2023-07-26 14:23:00,2:15 kiwi 1 full
2023-07-26 14:53:00,Black coffee
2023-07-26 17:40:00,5:30 3.5 idlis ginger chutney
2023-07-26 18:08:00,"3 crackers and chai 2 bread slices, jam, and nutzo Date and macadamia Cherries"
2023-07-26 18:08:00,6 pm done
2023-07-27 10:21:00,8:15 2 idlis ginger chutney
2023-07-27 10:23:00,"8:30 chai, 3 crackers"
2023-07-27 10:23:00,Brazil nuts and date
2023-07-27 10:24:00,Black coffee and crackers
2023-07-27 10:25:00,4 crackers
2023-07-27 11:44:00,"Nuts dates, crackers"
2023-07-27 11:44:00,"Almonds, Brazil nuts, macadamia, 4 crackers, 3 dates"
2023-07-27 11:54:00,Papad
2023-07-27 12:04:00,3 falafel and picked Cucumber
2023-07-27 13:32:00,"12:30 rice, pappukaya, lemon pickle, curd, papad"
2023-07-27 18:04:00,"Pappu kaya rice, curd, chips/muruku"
2023-07-27 18:04:00,Lemon pickle
2023-07-27 18:08:00,2 samosa
2023-07-28 09:25:00,2 idlis ginger chutney
2023-07-28 09:54:00,Chai crackers 3 cheese
2023-07-28 11:49:00,Black coffee 10 crackers and cheese
2023-07-28 13:32:00,"1:15 4 tortilla, palak paneer, chips, 2 dates macadamia nuts, almonds"
2023-07-28 19:45:00,7:30 10 crackers cheese 2 tortillas palak paneer Grapes Cereals milk nuts Chocolate
2023-07-28 19:50:00,2 dates and almonds
2023-07-29 08:54:00,Muffin 1/4  ~8gm sugar
2023-07-29 08:54:00,"#shambhavi couldn't bear the back pain from the move, ended it 2. 5 min early"
2023-07-29 09:29:00,9:00 chai 6 crackers and cheese
2023-07-29 11:07:00,11:00 3 pancakes protein and jam and sev
2023-07-29 13:39:00,"1:15 rice, moong dal, aloo papad, curd, pickle"
2023-07-29 13:39:00,"Date, nuts, small bite of muffin"
2023-07-29 13:39:00,1:39 done
2023-07-29 18:57:00,Tortillas
2023-07-29 18:58:00,S salsa
2023-07-29 18:58:00,IMG-20230729-WA0024.jpg (file attached)
2023-07-29 19:21:00,"1/2 burrito, 1 taco veggie Tortilla chips"
2023-07-29 19:41:00,7:21 done
2023-07-30 09:39:00,Chai
2023-07-30 09:42:00,2 crackers
2023-07-30 10:41:00,Chocolate and a small bite of energy bar
2023-07-30 11:09:00,Black coffee
2023-07-30 12:50:00,"12:30 apple 12:45 small bowl moong dal tomato pappu rice,  sev, muruku"
2023-07-30 13:27:00,"1:15 -1:26 rice, baingan bharta, chole, kheer, aloo paratha, pickle, roti"
2023-07-30 13:27:00,Curd
2023-07-30 13:39:00,Curd
2023-07-30 20:15:00,7:00 pm chai sugar
2023-07-30 20:15:00,8:00 pm vada pav 1
2023-07-30 22:02:00,9:00 pm pani puri chat
2023-07-30 22:50:00,"10:15 pm 2 idlis, rice,  sambar, curd, tomato rice, papad"
2023-07-30 23:15:00,Tirupathi laddu small bite
2023-07-31 09:44:00,Chai
2023-07-31 10:12:00,Apple
2023-07-31 11:22:00,11:15 Nuts and dates
2023-07-31 12:50:00,12:30 pistachios
2023-07-31 12:51:00,"12:45 apple slices, watermelon spice"
2023-07-31 13:51:00,1:00 pm 3 pizza Nora slices 6 crashes 2 cheese slices
2023-07-31 13:52:00,1:25 pm done
2023-07-31 22:43:00,"8:30 pm to 9:30 pm dinner at Cynthia's place Gutti vankaya Paneer curries Rice, biryani, pita bread Curd, pickle Small bowl dessert"
2023-07-31 22:44:00,"#insight glucose peaked to 195, spicy oily function like food?"
2023-08-01 09:13:00,Chai 4 crackers
2023-08-01 10:14:00,"Bread slice, nutzo"
2023-08-01 11:46:00,"2 bread slices, nutzo and mustard sauce"
2023-08-01 12:33:00,"11:50 am 4 Crackers and cheese 12:00 noon rice, repeat of yesterday's dinner"
2023-08-01 12:33:00,12:20 done
2023-08-02 08:47:00,"6:30 pm yesterday bread nutzo, Crackers and cheese"
2023-08-02 08:47:00,Instant coffee milk based Cream cheese bagel
2023-08-02 08:47:00,Cheese slice
2023-08-02 11:44:00,Couple of bites of bagel 1 date
2023-08-02 13:49:00,"12:30 pm 3 energy bars,  5 puris"
2023-08-02 13:49:00,Biryani
2023-08-02 14:08:00,Nitro brew 2 pm done
2023-08-02 17:02:00,Ice cream cone
2023-08-02 17:05:00,IMG-20230802-WA0002.jpg (file attached)
2023-08-02 19:46:00,Biryani chips
2023-08-03 10:06:00,Energy bar
2023-08-03 13:17:00,11:30 through 12:30 pistachios
2023-08-03 13:17:00,1 pm chipotle veggie bowl and chips
2023-08-03 13:27:00,1:17 done
2023-08-03 20:08:00,"7:45 rice, sorakaya pappu, potato fry, papad, curd, rasam"
2023-08-04 13:38:00,1 orange
2023-08-04 13:57:00,"1:30 rice, moong dal, pickle"
2023-08-04 13:57:00,Baguette and garlic cheese
2023-08-04 13:57:00,2 pm done
2023-08-04 19:51:00,Fistful mixed nuts
2023-08-04 21:37:00,Black label Samosa
2023-08-04 22:03:00,Nuts
2023-08-04 22:03:00,Tortilla chips
2023-08-04 23:08:00,"10:30 palak pameer, naan"
2023-08-04 23:09:00,Mixed nuts
2023-08-04 23:09:00,11 pm 3 rasmalai
2023-08-04 23:09:00,Over ate
2023-08-04 23:09:00,2 rounds of black label
2023-08-05 07:04:00,#insight drinking whiskey didn't have any effect??
2023-08-05 10:27:00,"Baugette nutzo, garlic cheese and tortilla chips"
2023-08-05 10:27:00,9:30 chai
2023-08-05 10:27:00,You deleted this message
2023-08-05 10:27:00,10:00 am fistful nuts
2023-08-05 13:22:00,"1:10 pm biryani, 3 small puris chole"
2023-08-05 13:22:00,1:20 done
2023-08-05 17:58:00,5 pm fistful nuts 5:45 chai
2023-08-05 18:14:00,6:10 carrot halwa
2023-08-05 21:51:00,"8:30 biryani, curd , 1/2 roti"
2023-08-05 21:51:00,"9:45 cherries, rasmalai, fistful nuts,"
2023-08-06 10:25:00,Yesterday 12 midnight through 2 am: cherries and nuts (assembling furniture at new home with Ashish)
2023-08-06 10:26:00,"9:30 am to 10:25 am chai Baguette sourdough small, nutzo Nuts fistful roasts mixed"
2023-08-06 13:35:00,1:15 pm Pizza slice and zucchini bajji
2023-08-06 14:01:00,2 pm sweet napolean
2023-08-06 14:26:00,Bun and dip
2023-08-06 14:39:00,"5 pita cups, humus baba ganoush and yogurt dip"
2023-08-06 18:56:00,3 rasmalai
2023-08-06 18:56:00,Mixed nuts 1 cup
2023-08-06 21:09:00,"9 pm rice,  tomato dal, potato curry,  papad, curd,  pickle"
2023-08-06 21:09:00,9 pm done
2023-08-07 09:51:00,Almonds fistful
2023-08-07 11:13:00,Fistful almonds
2023-08-07 11:13:00,Fistful cashews
2023-08-07 13:21:00,12:30 Fistful almonds
2023-08-07 13:21:00,10:00 oat milk cappuccino
2023-08-07 13:52:00,1:40 pm chipotle veggie bowl and chips
2023-08-07 14:03:00,12:45 banana
2023-08-09 10:50:00,"#irregular in updating, resuming today"
2023-08-09 10:50:00,"8:30 am chai, digestive biscuit"
2023-08-09 10:51:00,"10:40 fistful almonds, cashews Banana Cappuccino"
2023-08-09 13:31:00,Personal Pizza 4 slices
2023-08-09 13:38:00,Fistful m&ms peanut
2023-08-09 13:38:00,Orange
2023-08-09 19:56:00,7:40 chai 2 samosas Nuts
2023-08-09 20:28:00,"8:20 orange, tortilla chips salsa, biscuit"
2023-08-10 15:27:00,You deleted this message
2023-08-11 13:46:00,You deleted this message
2023-08-11 13:46:00,You deleted this message
2023-08-11 13:46:00,You deleted this message
2023-08-11 13:48:00,You deleted this message
2024-10-23 08:57:00,Chai
2024-10-23 09:25:00,Almonds handful
2024-10-23 10:46:00,You deleted this message
2024-10-23 10:46:00,Fistful Walnuts
2024-10-23 10:52:00,Coffee cappuccino
2024-10-23 11:38:00,Fistful Walnuts
2024-10-23 13:05:00,IMG-20241023-WA0003.jpg (file attached)
2024-10-23 13:07:00,Avo and quinn salad
2024-10-23 13:08:00,IMG-20241023-WA0005.jpg (file attached)
2024-10-23 13:59:00,IMG-20241023-WA0007.jpg (file attached)
2024-10-23 17:14:00,Fistful Walnuts
2024-10-23 19:01:00,Fistful almonds
2024-10-23 19:33:00,IMG-20241023-WA0009.jpg (file attached)
2024-10-23 19:33:00,Pumpkin curry dal
2024-10-23 19:54:00,Bowl full grapes
2024-10-23 19:57:00,Bowl full melons
2024-10-23 20:28:00,"#insight milk, almonds and Walnuts no effect on sugar Salad based foods Minimal effect"
2024-10-23 20:28:00,Grapes spikes a lot
2024-10-24 08:55:00,Chai
2024-10-24 09:02:00,Fistful almonds
2024-10-24 11:03:00,Fistful Walnuts
2024-10-24 11:09:00,Fistful Walnuts
2024-10-24 11:09:00,Coffee cappuccino
2024-10-24 11:53:00,Fistful Walnuts
2024-10-24 12:32:00,IMG-20241024-WA0002.jpg (file attached)
2024-10-24 12:56:00,IMG-20241024-WA0004.jpg (file attached)
2024-10-24 12:57:00,Veggie mushroom burger patty
2024-10-24 12:57:00,IMG-20241024-WA0006.jpg (file attached)
2024-10-24 13:35:00,Goji berry cube 3
2024-10-24 18:03:00,Pear
2024-10-24 18:04:00,Fistful almonds
2024-10-24 18:35:00,Plum
2024-10-24 18:44:00,Pumpkin curry and curd 1 cup
2024-10-24 19:42:00,IMG-20241024-WA0009.jpg (file attached)
2024-10-24 19:42:00,IMG-20241024-WA0011.jpg (file attached)
2024-10-24 19:44:00,IMG-20241024-WA0013.jpg (file attached)
2024-10-24 19:46:00,"Thai food tofu, rice and curry"
2024-10-25 08:32:00,Chai
2024-10-25 09:12:00,Almonds
2024-10-25 10:25:00,IMG-20241025-WA0002.jpg (file attached)
2024-10-25 10:25:00,Parang curry and rice
2024-10-25 12:36:00,Fistful almonds
2024-10-25 12:36:00,Grapes 1 cup
2024-10-25 12:54:00,1 cup thai tofu
2024-10-25 12:55:00,IMG-20241025-WA0004.jpg (file attached)
2024-10-25 13:06:00,IMG-20241025-WA0006.jpg (file attached)
2024-10-25 13:06:00,Beans curry and roti
2024-10-25 13:28:00,Cup of pistachios
2024-10-25 16:51:00,Melons
2024-10-25 18:22:00,Chai
2024-10-25 19:12:00,Almonds
2024-10-25 19:17:00,Almonds
2024-10-25 21:12:00,Veg momos 3 pcs
2024-10-25 21:45:00,Beans curry 1/2 cup
2024-10-25 21:45:00,Almonds
2024-10-25 21:55:00,IMG-20241025-WA0010.jpg (file attached)
2024-10-25 22:06:00,IMG-20241025-WA0012.jpg (file attached)
2024-10-25 22:06:00,Almonds
2024-10-25 22:11:00,Almonds
2024-10-26 09:56:00,Chai
2024-10-26 10:07:00,Almonds
2024-10-26 10:20:00,Peach
2024-10-26 10:47:00,Filter coffee
2024-10-26 13:08:00,1 cup dal bhaji and kadi
2024-10-26 13:54:00,IMG-20241026-WA0002.jpg (file attached)
2024-10-26 14:36:00,Same serving as above and rice papad
2024-10-26 14:37:00,IMG-20241026-WA0004.jpg (file attached) 1 rasmalai
2024-10-26 16:14:00,Chai sugar
2024-10-26 16:54:00,1 garey and 1 cup kadi
2024-10-26 17:25:00,1 cup kadi and dal bhaji papad
2024-10-26 17:38:00,1 rasmalai
2024-10-26 17:45:00,Almonds
2024-10-26 19:46:00,2 roti 1 cup pumpkin curry Kadi Rice
2024-10-27 09:02:00,Filter coffee
2024-10-27 09:21:00,Chai
2024-10-27 09:24:00,1/2 digestive biscuit
2024-10-27 10:31:00,Almonds
2024-10-27 10:43:00,Rice kadi 1 bowl
2024-10-27 11:23:00,Filter coffee
2024-10-27 12:32:00,1 bowl pumpkin curry and rice
2024-10-27 12:46:00,Almonds and shankarpala
2024-10-27 12:55:00,Plum
2024-10-27 13:30:00,IMG-20241027-WA0004.jpg (file attached)
2024-10-27 13:30:00,Sandwich
2024-10-27 13:56:00,1/4 sandwich and peach
2024-10-27 17:25:00,Pear
2024-10-27 17:36:00,Almonds
2024-10-27 18:58:00,Almonds
2024-10-27 19:01:00,Almonds
2024-10-27 20:12:00,"Rice, pickle, rasam and Peas curry"
2024-10-27 20:31:00,Curd and white peach
2024-10-27 20:35:00,Almonds
2024-10-27 21:46:00,#insight: protein slows sugar spike
2024-10-28 09:21:00,Chai
2024-10-28 10:46:00,Almonds
2024-10-28 11:28:00,Almonds
2024-10-28 11:49:00,Apricot
2024-10-28 12:50:00,"Rice, dal bhaji, rasam, pickle"
2024-10-28 13:23:00,Rice dal bhaji curd
2024-10-28 15:09:00,Almonds
2024-10-28 15:19:00,Pistachios
2024-10-28 15:56:00,Chai
2024-10-28 18:02:00,IMG-20241028-WA0008.jpg (file attached)
2024-10-28 18:02:00,Jhalmudi 1 cup only
2024-10-28 18:57:00,Almonds
2024-10-28 18:57:00,Jhalmudi 1 small bowl
2024-10-28 20:04:00,Curd rice dal bhaji 1 bowl
2024-10-28 20:53:00,#insight curd rice sugar peaks in 1 hour
2024-10-29 08:38:00,Chai
2024-10-29 08:54:00,1/2 slice bread nutzo and salad
2024-10-29 10:51:00,Cappuccino
2024-10-29 11:01:00,Walnuts
2024-10-29 12:51:00,IMG-20241029-WA0002.jpg (file attached)
2024-10-29 12:52:00,IMG-20241029-WA0004.jpg (file attached)
2024-10-29 13:53:00,#insight this thing peaked my glucose 170 and climbing. Not sure if it is due to cookie or noodles
2024-10-29 14:01:00,#insight 185 and climbing
2024-10-29 16:31:00,Walnuts
2024-10-29 17:08:00,IMG-20241029-WA0006.jpg (file attached)
2024-10-29 18:41:00,Hazlenuts
2024-10-29 18:48:00,Orange
2024-10-29 18:48:00,Hazlenuts
2024-10-29 19:42:00,Sorakaya curry and curd
2024-10-29 19:52:00,IMG-20241029-WA0008.jpg (file attached)
2024-10-29 19:52:00,Sandwich
2024-10-29 20:03:00,Plum
2024-10-29 20:08:00,Plum
2024-10-30 09:37:00,Almonds
2024-10-30 09:38:00,Orange
2024-10-30 09:45:00,Sugar coated almonds
2024-10-30 09:49:00,Almonds
2024-10-30 10:09:00,Chai
2024-10-30 10:09:00,Almonds
2024-10-30 12:18:00,Plum
2024-10-30 12:20:00,Almonds
2024-10-30 12:42:00,Almonds
2024-10-30 12:44:00,Orange
2024-10-30 12:49:00,Almonds
2024-10-30 13:00:00,IMG-20241030-WA0002.jpg (file attached)
2024-10-30 13:00:00,2 roti sorakaya curry dal kokum
2024-10-30 13:08:00,Apricot
2024-10-30 16:28:00,Orange
2024-10-30 16:34:00,Honey crisp
2024-10-30 16:36:00,Hazlenuts
2024-10-30 16:43:00,1 cup jujube
2024-10-30 16:49:00,IMG-20241030-WA0004.jpg (file attached)
2024-10-30 16:49:00,Nutzo crisp
2024-10-30 16:54:00,Nutzo honey crisp
2024-10-30 16:57:00,Chai
2024-10-30 18:22:00,Barfi sample
2024-10-30 18:43:00,IMG-20241030-WA0006.jpg (file attached)
2024-10-30 18:43:00,Punugulu
2024-10-30 18:47:00,6 punugulu small bowl pulihora
2024-10-30 18:55:00,Orange
2024-10-30 19:10:00,IMG-20241030-WA0008.jpg (file attached)
2024-10-30 19:10:00,1 bowl dal and sorakaya curry
2024-10-30 19:12:00,1 rice crisp
2024-10-30 19:22:00,Almonds
2024-10-30 21:10:00,IMG-20241030-WA0010.jpg (file attached)
2024-10-30 21:10:00,Thukpa
2024-10-30 21:16:00,Small bowl pulihora
2024-10-31 09:09:00,Chai
2024-10-31 10:52:00,IMG-20241031-WA0004.jpg (file attached)
2024-10-31 10:53:00,Upma
2024-10-31 10:58:00,Hummus and sev
2024-10-31 10:58:00,Hazlenuts
2024-10-31 11:04:00,Hazlenuts
2024-10-31 11:10:00,Hazlenuts
2024-10-31 12:40:00,Orange
2024-10-31 12:47:00,Filter coffee
2024-10-31 14:41:00,IMG-20241031-WA0006.jpg (file attached)
2024-10-31 15:07:00,IMG-20241031-WA0009.jpg (file attached) Sweet
2024-10-31 15:07:00,Pan kaju katli
2024-10-31 15:55:00,#insight A full meal doesn't spike sugar lavels
2024-10-31 16:46:00,Plum
2024-10-31 16:51:00,IMG-20241031-WA0011.jpg (file attached)
2024-10-31 16:52:00,Sweet
2024-10-31 16:54:00,Bajji
2024-10-31 16:55:00,Hazlenuts
2024-10-31 17:01:00,Hazlenuts
2024-10-31 17:06:00,1 bowl jujube
2024-10-31 17:12:00,Chai
2024-10-31 19:35:00,Orange
2024-10-31 20:07:00,Cookie
2024-10-31 20:09:00,Cookie
2024-10-31 21:02:00,IMG-20241031-WA0017.jpg (file attached)
2024-10-31 21:14:00,2x the plate with upma and 3 cucumbers
2024-11-01 09:10:00,Chai
2024-11-01 10:04:00,Peach
2024-11-01 10:14:00,Filter coffee cup
2024-11-01 11:25:00,Orange
2024-11-01 12:15:00,Apple
2024-11-01 12:27:00,Hazlenuts and pistachios
2024-11-01 12:33:00,Hazlenuts
2024-11-01 13:08:00,IMG-20241101-WA0002.jpg (file attached)
2024-11-01 13:09:00,"Gongura dal, rice, dondakaya curry,  papad, pickle"
2024-11-01 13:14:00,Curd
2024-11-01 13:22:00,Lots of dondakaya curry
2024-11-01 13:22:00,IMG-20241101-WA0004.jpg (file attached)
2024-11-01 13:23:00,Bowl full of grapes
2024-11-01 17:19:00,Chai
2024-11-01 17:43:00,Plum
2024-11-01 18:03:00,Plum
2024-11-01 18:09:00,Hazlenuts
2024-11-01 18:17:00,IMG-20241101-WA0020.jpg (file attached)
2024-11-01 18:17:00,"Rice dal dondakaya curry,  chana jhor"
2024-11-01 18:29:00,Orange
2024-11-01 18:30:00,Hazlenuts
2024-11-01 18:34:00,Hazlenuts
2024-11-01 21:09:00,"Dondakaya curry,  curd"
2024-11-01 21:13:00,2 anarsas
2024-11-01 21:13:00,IMG-20241101-WA0022.jpg (file attached)
2024-11-01 21:17:00,2 plums
2024-11-02 10:58:00,Chai
2024-11-02 11:46:00,Filter coffee
2024-11-02 12:48:00,Fruit samples
2024-11-02 13:52:00,Chai gurkha kitchen
2024-11-02 14:04:00,IMG-20241102-WA0002.jpg (file attached)
2024-11-02 14:11:00,IMG-20241102-WA0004.jpg (file attached)
2024-11-02 14:14:00,IMG-20241102-WA0006.jpg (file attached)
2024-11-02 14:29:00,"Thali Nepali, saag paneer, roti, noodles"
2024-11-02 15:33:00,Mini pancake sample costco with vanilla bean bourbon paste
2024-11-02 15:51:00,Protein shake sample costco
2024-11-02 15:52:00,IMG-20241102-WA0008.jpg (file attached)
2024-11-02 17:25:00,Apricot
2024-11-02 17:27:00,Jujube handful
2024-11-02 17:54:00,Filter coffee
2024-11-02 19:05:00,Hazlenuts
2024-11-02 19:07:00,Hazlenuts
2024-11-02 19:16:00,Roti saag paneer
2024-11-02 19:23:00,Bowl of grapes
2024-11-02 19:27:00,Bowl jujube
2024-11-02 19:34:00,Almonds
2024-11-02 20:57:00,#insight: Grapes hit hard
2024-11-03 09:46:00,IMG-20241103-WA0002.jpg (file attached)
2024-11-03 09:49:00,Chai
2024-11-03 10:15:00,IMG-20241103-WA0004.jpg (file attached)
2024-11-03 10:17:00,"Rava idli, peanut chutney"
2024-11-03 10:25:00,3 idlis total
2024-11-03 10:38:00,Peanuts
2024-11-03 10:39:00,Peanuts
2024-11-03 10:41:00,1/2 idli and chutney
2024-11-03 10:58:00,Filter coffee
2024-11-03 12:56:00,Peanuts
2024-11-03 12:57:00,Peanuts
2024-11-03 12:58:00,"#insight rava idli and chutney is okay, doesn't spike"
2024-11-03 13:02:00,Peanuts
2024-11-03 13:05:00,Rava idly chutney
2024-11-03 13:13:00,Hazlenuts
2024-11-03 13:33:00,IMG-20241103-WA0006.jpg (file attached)
2024-11-03 13:46:00,"Curd rice,  papad"
2024-11-03 16:45:00,"Rava idly, chutney"
2024-11-03 16:49:00,"3 rava idlis, hummus"
2024-11-03 16:51:00,Pluot
2024-11-03 16:54:00,Hazlenuts
2024-11-03 16:57:00,Almonds
2024-11-03 17:02:00,Filter coffee
2024-11-03 17:38:00,Chai
2024-11-03 17:57:00,"Pani puri 6pcs, with Potatoes"
2024-11-03 18:05:00,4 pcs pani puri and potatoes
2024-11-03 20:28:00,Pomegranate and workout 1 small bowl
2024-11-03 20:39:00,Pomegranate with borkut
2024-11-03 20:39:00,Almonds
2024-11-04 08:21:00,8:00 am chai
2024-11-04 09:19:00,Filter coffee
2024-11-04 11:17:00,Almonds
2024-11-04 11:20:00,Almonds
2024-11-04 12:00:00,Bread 1/4 and dipping oil
2024-11-04 12:00:00,Hazlenuts
2024-11-04 12:04:00,Pomegranate
2024-11-04 12:04:00,Hazlenuts
2024-11-04 12:18:00,Hazlenuts
2024-11-04 12:18:00,Carrot half
2024-11-04 12:53:00,IMG-20241104-WA0002.jpg (file attached)
2024-11-04 13:11:00,"Curd rice, pani puri balls, gongura"
2024-11-04 13:12:00,Pluot
2024-11-04 13:16:00,IMG-20241104-WA0004.jpg (file attached)
2024-11-04 13:16:00,Pomegranate and borkut
2024-11-04 14:50:00,#insight  my glucose spiked to 200ish. This could be due to rotis??
2024-11-04 16:41:00,Almonds
2024-11-04 16:44:00,Almonds
2024-11-04 16:48:00,Almonds
2024-11-04 16:59:00,Chai
2024-11-04 18:03:00,Samosa and puff 1/2 each
2024-11-04 18:26:00,Pear
2024-11-04 18:35:00,Biryani
2024-11-04 18:39:00,Cucumber
2024-11-04 18:42:00,Almonds
2024-11-04 18:55:00,Biryani
2024-11-04 18:57:00,Pluot
2024-11-04 18:58:00,Almonds
2024-11-05 08:36:00,Chai
2024-11-05 10:12:00,Walnuts
2024-11-05 10:17:00,Cappuccino
2024-11-05 12:52:00,IMG-20241105-WA0001.jpg (file attached)
2024-11-05 12:52:00,Roasted veggies
2024-11-05 13:42:00,IMG-20241105-WA0003.jpg (file attached)
2024-11-05 13:43:00,Walnuts and protein shake
2024-11-05 16:27:00,IMG-20241105-WA0005.jpg (file attached)
2024-11-05 16:36:00,IMG-20241105-WA0007.jpg (file attached)
2024-11-05 16:44:00,IMG-20241105-WA0009.jpg (file attached)
2024-11-05 17:09:00,IMG-20241105-WA0011.jpg (file attached)
2024-11-06 08:34:00,#paused 5-Nov 6PM
2024-11-23 11:17:00,2ND SENSOR
2024-11-23 11:17:00,IMG-20241123-WA0002.jpg (file attached)
2024-11-23 11:17:00,"Pappu Kaya, rice, methi aloo curry"
2024-11-23 11:24:00,IMG-20241123-WA0004.jpg (file attached) Podi annam
2024-11-23 11:37:00,Mini butter Cookie
2024-11-23 13:08:00,Date chocolate
2024-11-23 14:20:00,Mixed nuts and raisins
2024-11-23 14:22:00,Orange
2024-11-23 14:54:00,IMG-20241123-WA0007.jpg (file attached)
2024-11-23 14:54:00,"Methi dal, potato capsicum curry,  rice and pickle"
2024-11-23 15:14:00,Apple
2024-11-23 18:35:00,Popcorn
2024-11-23 19:07:00,A lot of popcorn 6 cups
2024-11-23 19:21:00,Walnuts
2024-11-23 19:32:00,Almonds
2024-11-23 19:48:00,IMG-20241123-WA0010.jpg (file attached)
2024-11-23 19:50:00,"Methi roti, dal"
2024-11-23 19:54:00,Rice and podi
2024-11-23 20:16:00,Almonds
2024-11-24 10:38:00,Chai
2024-11-24 13:59:00,Nuts and dates
2024-11-24 14:04:00,Pluot
2024-11-24 14:06:00,1:40 pm lunch Pappu moringa methi Sorakaya kura Pickle Rice Curd
2024-11-24 16:48:00,Filter coffee
2024-11-24 16:58:00,Chai
2024-11-24 18:25:00,Almonds
2024-11-24 18:34:00,Almonds
2024-11-24 18:59:00,IMG-20241124-WA0002.jpg (file attached)
2024-11-24 19:52:00,Plum
2024-11-24 20:10:00,Almonds
2024-11-24 20:13:00,Almonds
2024-11-24 21:24:00,Ras malai
2024-11-25 10:30:00,Chai
2024-11-25 10:46:00,Apple
2024-11-25 11:22:00,IMG-20241125-WA0001.jpg (file attached)
2024-11-25 11:23:00,2 idlis
2024-11-25 12:06:00,Almonds peanuts
2024-11-25 12:22:00,Insight: idli chutney was a killer 156 and climbing now
2024-11-25 12:53:00,Peanuts
2024-11-25 13:02:00,Peanuts
2024-11-25 13:04:00,Peanuts
2024-11-25 13:08:00,Filter coffee
2024-11-25 15:00:00,Almonds peanuts
2024-11-25 15:31:00,Dal bhaji Rice
2024-11-25 15:31:00,Apple
2024-11-25 16:06:00,Almonds
2024-11-25 16:48:00,Rasmalai
2024-11-25 16:52:00,Rasmalai
2024-11-25 17:10:00,Lemon popcorn
2024-11-25 17:25:00,Chai
2024-11-26 10:14:00,9:30 am chai
2024-11-26 10:53:00,IMG-20241126-WA0001.jpg (file attached)
2024-11-26 10:53:00,1 idli
2024-11-26 11:09:00,Filter coffee
2024-11-26 11:39:00,Almonds
2024-11-26 12:05:00,Almonds
2024-11-26 13:31:00,Biryani
2024-11-26 13:31:00,IMG-20241126-WA0002.jpg (file attached)
2024-11-26 13:31:00,IMG-20241126-WA0003.jpg (file attached)
2024-11-26 14:06:00,Rasmalai
2024-11-26 14:43:00,Dark chocolate small
2024-11-26 16:30:00,Plum
2024-11-26 16:32:00,Plum
2024-11-26 16:39:00,Rasmalai
2024-11-26 16:45:00,Almonds
2024-11-26 20:51:00,Biryani Methi dal Curd Cucumber
2024-11-27 10:56:00,Chai biscuit
2024-11-27 11:04:00,Almonds
2024-11-27 11:06:00,Walnuts
2024-11-27 11:10:00,Plum
2024-11-27 12:33:00,IMG-20241127-WA0002.jpg (file attached)
2024-11-27 12:33:00,"Rice,  dal bhaji, cabbage curry"
2024-11-27 15:15:00,Almonds
2024-11-27 15:32:00,Date
2024-11-27 16:47:00,Small bowl pulihora
2024-11-27 16:59:00,"Dal bhaji, rice, methi dal, sev"
2024-11-27 19:51:00,Almonds
2024-11-27 20:05:00,Creamy tomato soup
2024-11-27 20:05:00,You deleted this message
2024-11-27 20:08:00,Almonds
2024-11-27 20:49:00,Cabbage curry
2024-11-27 20:54:00,Almonds
2024-11-27 21:03:00,Apple
2024-11-27 21:17:00,Almonds
2024-11-28 11:06:00,Chai
2024-11-28 11:11:00,Almonds
2024-11-28 11:16:00,Almonds and walnuts
2024-11-28 11:36:00,IMG-20241128-WA0001.jpg (file attached)
2024-11-28 12:25:00,Filter coffee
2024-11-28 14:38:00,Almonds
2024-11-28 14:44:00,Rice pappu Kaya sorakaya Pickle Curd
2024-11-28 15:00:00,Orange almonds
2024-11-28 16:47:00,Almonds
2024-11-28 17:01:00,Date chocolate
2024-11-28 17:14:00,Sev small bowl
2024-11-28 17:17:00,Crackers peanut chutney
2024-11-28 17:23:00,Banana chips
2024-11-28 17:30:00,Dates and almonds
2024-11-28 17:33:00,Walnuts and raisins
2024-11-28 17:45:00,Chai
2024-11-28 21:20:00,Pappu Kaya curd
2024-11-28 21:22:00,Almonds
2024-11-28 21:27:00,Plum
2024-11-28 21:28:00,Walnuts
2024-11-29 09:14:00,Chai
2024-11-29 09:19:00,Almonds
2024-11-29 10:33:00,Plum Apple
2024-11-29 10:44:00,Bread greens Peanut chutney
2024-11-29 10:55:00,Cheese it
2024-11-29 10:59:00,IMG-20241129-WA0001.jpg (file attached) Cereals
2024-11-29 13:38:00,Almonds
2024-11-29 13:46:00,IMG-20241129-WA0003.jpg (file attached)
2024-11-29 13:46:00,Dal rice roti
2024-11-29 18:17:00,Tortilla chips
2024-11-29 20:21:00,Sambar rice
2024-11-29 20:22:00,IMG-20241129-WA0006.jpg (file attached)
2024-11-30 10:01:00,Chai
2024-11-30 10:05:00,Cheese crackers
2024-11-30 10:45:00,Idli sambar chutney
2024-11-30 11:02:00,Ponkanalu
2024-11-30 15:22:00,1:00pm 1 idli and chutney
2024-11-30 15:23:00,Tortilla chips
2024-11-30 15:33:00,Pizza slices 2
2024-11-30 15:36:00,Roasted chestnut
2024-11-30 15:37:00,Pomegranate
2024-11-30 20:35:00,Gurkha kitchen Thukpa Thali
2024-11-30 20:48:00,Saag paneer butter roti
2024-12-01 10:54:00,9:30 chai
2024-12-01 12:04:00,Roasted chestnuts
2024-12-01 12:08:00,Small bowl rice dal
2024-12-01 12:08:00,Almonds walnuts
2024-12-01 14:45:00,Rice dal chips
2024-12-01 17:19:00,4:45 pm twisted potato fries
2024-12-01 17:31:00,# Ill for the past week due to rsv virus
2024-12-01 21:17:00,"9:05 upma,  small bowl thukpa"
2024-12-02 09:32:00,9:15 Chai
2024-12-02 11:53:00,Plum date nuts
2024-12-02 12:22:00,Upma and sev
2024-12-02 14:12:00,Dal bhaji rice and cabbage curry
2024-12-02 15:17:00,Birthday cake and walnuts
2024-12-02 19:32:00,Papdi chat
2024-12-02 19:35:00,"Samosa chole, bhel"
2024-12-02 19:40:00,Thali
2024-12-02 20:26:00,IMG-20241202-WA0017.jpg (file attached)
2024-12-03 09:14:00,Chai
2024-12-03 11:12:00,IMG-20241203-WA0002.jpg (file attached)
2024-12-03 11:13:00,Rice and dal bhaji
2024-12-03 11:16:00,Sev
2024-12-03 11:17:00,Apple pie cookie half
2024-12-03 11:24:00,Almonds
2024-12-03 12:49:00,IMG-20241203-WA0004.jpg (file attached)
2024-12-03 12:49:00,Sandwich and soup
2024-12-03 13:02:00,Rice chole saag
2024-12-03 13:02:00,Sev
2024-12-03 13:11:00,Soup and bread
2024-12-03 18:47:00,Puthareku
2024-12-03 18:48:00,Vada sambar
2024-12-03 18:51:00,Aloo Bonda
2024-12-03 18:51:00,Pineapple juice small
2024-12-03 18:52:00,Almonds
2024-12-03 18:58:00,Almonds
2024-12-03 20:29:00,Almonds
2024-12-04 10:24:00,You deleted this message
2024-12-04 10:25:00,Apple pie cookie half
2024-12-04 10:29:00,Almonds
2024-12-04 10:37:00,Bread though cheese
2024-12-04 13:03:00,Puthareku
2024-12-04 13:03:00,Carrot
2024-12-04 13:20:00,Dal rice papad
2024-12-04 13:26:00,Carrot
2024-12-04 16:44:00,Chat
2024-12-04 19:36:00,Almonds
2024-12-04 19:45:00,"Nuts, raisins and date"
2024-12-04 19:54:00,Apple and coconut
2024-12-05 09:23:00,Chai
2024-12-05 09:23:00,Bread cheese Avocado
2024-12-05 11:15:00,Filter coffee
2024-12-05 11:46:00,Almonds
2024-12-05 12:17:00,Half pear
2024-12-05 13:27:00,Sambar rice papad
2024-12-05 13:32:00,Almonds and raisins
2024-12-05 18:20:00,Chai
2024-12-05 18:25:00,Almonds
2024-12-05 18:30:00,Sambar rice
2024-12-05 18:39:00,Almonds
2024-12-05 18:56:00,Dates and seeds
2024-12-05 20:44:00,Orange
2024-12-05 20:46:00,Walnuts
2024-12-05 20:55:00,Pumpkin seeds
2024-12-06 08:49:00,Chai
2024-12-06 09:52:00,Almonds
2024-12-06 09:55:00,Filter coffee
2024-12-06 11:55:00,Nuts and dates
2024-12-06 12:02:00,Sambar rice
2024-12-06 12:14:00,Crackers cheese
2024-12-06 12:23:00,Coconut small piece
2024-12-06 12:41:00,6 Prunes and orange
2024-12-06 13:09:00,"Rice, methi dal,  pumpkin curry, curd"
2024-12-06 13:11:00,Almonds and raisins
2024-12-06 13:34:00,Date and almonds
2024-12-06 16:46:00,Cheese crackers
2024-12-06 16:53:00,Cereals milk
2024-12-06 17:15:00,Chai
2024-12-06 18:51:00,Peas and crackers bowl
2024-12-06 18:59:00,Dal rice
2024-12-06 19:06:00,Dal rice sev
2024-12-07 09:16:00,Chai
2024-12-07 10:09:00,IMG-20241207-WA0001.jpg (file attached)
2024-12-07 10:09:00,And cheese
2024-12-07 10:26:00,Almonds and pumpkin seeds
2024-12-24 15:09:00,IMG-20241224-WA0001.jpg (file attached)
2024-12-24 15:47:00,Muffin cake small
2024-12-24 15:49:00,Pluot
2024-12-24 15:55:00,Almonds
2024-12-24 17:54:00,Chai
2024-12-24 20:45:00,IMG-20241224-WA0003.jpg (file attached)
2024-12-24 21:00:00,IMG-20241224-WA0005.jpg (file attached)
2024-12-24 21:00:00,Biryani
2024-12-24 21:00:00,Paneer
2024-12-25 11:11:00,Chai
2024-12-25 11:11:00,Cheese crackers
2024-12-25 11:20:00,Almonds
2024-12-25 11:21:00,Cookie pie
2024-12-25 11:59:00,IMG-20241225-WA0001.jpg (file attached)
2024-12-25 11:59:00,Poha
2024-12-25 14:55:00,1/2 roti and thecha
2024-12-25 15:07:00,Pumpkin and sunflower seeds with raisins
2024-12-25 15:17:00,Crackers and walnuts
2024-12-25 15:27:00,IMG-20241225-WA0004.jpg (file attached)
2024-12-25 15:49:00,Curd rice
2024-12-25 17:34:00,Cookie
2024-12-25 17:56:00,Chai
2024-12-26 09:48:00,Chai and digestive biscuit
2024-12-26 10:47:00,Almonds
2024-12-26 10:48:00,Bread cheese Greens almond butter
2024-12-26 10:48:00,IMG-20241226-WA0002.jpg (file attached)
2024-12-26 10:58:00,Walnuts
2024-12-26 11:30:00,Filter coffee
2024-12-26 12:41:00,Pluot
2024-12-26 13:01:00,IMG-20241226-WA0004.jpg (file attached)
2024-12-26 13:02:00,Thalipeet
2024-12-26 13:14:00,Dal bhaji rice
2024-12-26 13:25:00,Pluot and almonds
2024-12-26 15:26:00,Almonds raisins
2024-12-26 16:24:00,Chocolate
2024-12-26 16:26:00,Chocolate 2
2024-12-26 16:28:00,Pistachio cookie
2024-12-26 16:42:00,Chai
2024-12-26 16:46:00,Dal bhaji rice murukulu
2024-12-26 17:01:00,Almonds
2024-12-26 17:05:00,Puthareku
2024-12-27 09:25:00,Chai
2024-12-27 09:28:00,Digestive biscuit
2024-12-27 10:30:00,Ponkanalu Hummus Nutzo
2024-12-27 11:10:00,Tortilla chips and hummus
2024-12-27 11:16:00,Filter coffee
2024-12-27 11:19:00,Ponkanalu plate full
2024-12-27 11:19:00,Hummus
2024-12-27 12:19:00,Tortilla chips
2024-12-27 13:59:00,IMG-20241227-WA0001.jpg (file attached)
2024-12-27 16:40:00,Almonds and raisins
2024-12-27 17:11:00,Chai Biscuit
2024-12-27 17:13:00,Cheese crackers
2024-12-27 18:30:00,Chocolate And punuku fried
2024-12-27 18:35:00,Chocolate
2024-12-27 18:49:00,IMG-20241227-WA0004.jpg (file attached)
